FID,treatment,class
0,filler,0
1,filler,0
2,filler,0
3,filler,0
4,filler,0
5,filler,0
6,filler,0
7,filler,0
8,filler,0
9,filler,0
10,filler,0
11,filler,0
12,filler,0
13,filler,0
14,filler,0
15,filler,0
16,filler,0
17,filler,0
18,filler,0
19,filler,0
20,filler,0
21,filler,0
22,filler,0
23,filler,0
24,filler,0
25,filler,0
26,filler,0
27,filler,0
28,filler,0
29,filler,0
30,filler,0
31,filler,0
32,filler,0
33,filler,0
34,filler,0
35,filler,0
36,filler,0
37,filler,0
38,filler,0
39,filler,0
40,filler,0
41,filler,0
42,filler,0
43,filler,0
44,filler,0
45,filler,0
46,filler,0
47,filler,0
48,filler,0
49,filler,0
50,filler,0
51,filler,0
52,filler,0
53,filler,0
54,filler,0
55,filler,0
56,filler,0
57,filler,0
58,filler,0
59,filler,0
60,filler,0
61,filler,0
62,filler,0
63,filler,0
64,filler,0
65,filler,0
66,filler,0
67,filler,0
68,filler,0
69,filler,0
70,filler,0
71,filler,0
72,filler,0
73,filler,0
74,filler,0
75,filler,0
76,filler,0
77,filler,0
78,filler,0
79,filler,0
80,filler,0
81,filler,0
82,filler,0
83,filler,0
84,filler,0
85,filler,0
86,filler,0
87,filler,0
88,filler,0
89,filler,0
90,filler,0
91,filler,0
92,filler,0
93,filler,0
94,filler,0
95,filler,0
96,filler,0
97,filler,0
98,filler,0
99,filler,0
100,filler,0
101,filler,0
102,filler,0
103,filler,0
104,filler,0
105,filler,0
106,filler,0
107,filler,0
108,filler,0
109,filler,0
110,filler,0
111,filler,0
112,filler,0
113,filler,0
114,filler,0
115,filler,0
116,filler,0
117,filler,0
118,filler,0
119,filler,0
120,filler,0
121,filler,0
122,filler,0
123,filler,0
124,filler,0
125,filler,0
126,filler,0
127,filler,0
128,filler,0
129,filler,0
130,filler,0
131,filler,0
132,filler,0
133,filler,0
134,filler,0
135,filler,0
136,filler,0
137,filler,0
138,filler,0
139,filler,0
140,filler,0
141,filler,0
142,filler,0
143,filler,0
144,filler,0
145,filler,0
146,filler,0
147,filler,0
148,filler,0
149,filler,0
150,filler,0
151,filler,0
152,filler,0
153,filler,0
154,filler,0
155,filler,0
156,filler,0
157,filler,0
158,filler,0
159,filler,0
160,filler,0
161,filler,0
162,filler,0
163,filler,0
164,filler,0
165,filler,0
166,filler,0
167,filler,0
168,filler,0
169,filler,0
170,filler,0
171,filler,0
172,filler,0
173,filler,0
174,filler,0
175,filler,0
176,filler,0
177,filler,0
178,filler,0
179,filler,0
180,filler,0
181,filler,0
182,filler,0
183,filler,0
184,filler,0
185,filler,0
186,filler,0
187,filler,0
188,filler,0
189,filler,0
190,filler,0
191,filler,0
192,filler,0
193,filler,0
194,filler,0
195,filler,0
196,filler,0
197,filler,0
198,filler,0
199,filler,0
200,filler,0
201,filler,0
202,filler,0
203,filler,0
204,filler,0
205,filler,0
206,filler,0
207,filler,0
208,filler,0
209,filler,0
210,filler,0
211,filler,0
212,filler,0
213,filler,0
214,filler,0
215,filler,0
216,filler,0
217,filler,0
218,filler,0
219,filler,0
220,filler,0
221,filler,0
222,filler,0
223,filler,0
224,filler,0
225,filler,0
226,filler,0
227,filler,0
228,filler,0
229,filler,0
230,filler,0
231,filler,0
232,filler,0
233,filler,0
234,filler,0
235,filler,0
236,filler,0
237,filler,0
238,filler,0
239,filler,0
240,filler,0
241,filler,0
242,filler,0
243,filler,0
244,filler,0
245,filler,0
246,filler,0
247,filler,0
248,filler,0
249,filler,0
250,filler,0
251,filler,0
252,filler,0
253,filler,0
254,filler,0
255,filler,0
256,filler,0
257,filler,0
258,filler,0
259,filler,0
260,filler,0
261,filler,0
262,filler,0
263,filler,0
264,filler,0
265,filler,0
266,filler,0
267,filler,0
268,filler,0
269,filler,0
270,filler,0
271,filler,0
272,filler,0
273,filler,0
274,filler,0
275,filler,0
276,filler,0
277,filler,0
278,filler,0
279,filler,0
280,filler,0
281,filler,0
282,filler,0
283,filler,0
284,filler,0
285,filler,0
286,filler,0
287,filler,0
288,filler,0
289,filler,0
290,filler,0
291,filler,0
292,filler,0
293,filler,0
294,filler,0
295,filler,0
296,filler,0
297,filler,0
298,filler,0
299,filler,0
300,filler,0
301,filler,0
302,filler,0
303,filler,0
304,filler,0
305,filler,0
306,filler,0
307,filler,0
308,filler,0
309,filler,0
310,filler,0
311,filler,0
312,filler,0
313,filler,0
314,filler,0
315,filler,0
316,filler,0
317,filler,0
318,filler,0
319,filler,0
320,filler,0
321,filler,0
322,filler,0
323,filler,0
324,filler,0
325,filler,0
326,filler,0
327,filler,0
328,filler,0
329,filler,0
330,filler,0
331,filler,0
332,filler,0
333,filler,0
334,filler,0
335,filler,0
336,filler,0
337,filler,0
338,filler,0
339,filler,0
340,filler,0
341,filler,0
342,filler,0
343,filler,0
344,filler,0
345,filler,0
346,filler,0
347,filler,0
348,filler,0
349,filler,0
350,filler,0
351,filler,0
352,filler,0
353,filler,0
354,filler,0
355,filler,0
356,filler,0
357,filler,0
358,filler,0
359,filler,0
360,filler,0
361,filler,0
362,filler,0
363,filler,0
364,filler,0
365,filler,0
366,filler,0
367,filler,0
368,filler,0
369,filler,0
370,filler,0
371,filler,0
372,filler,0
373,filler,0
374,filler,0
375,filler,0
376,filler,0
377,filler,0
378,filler,0
379,filler,0
380,filler,0
381,filler,0
382,filler,0
383,filler,0
384,filler,0
385,filler,0
386,filler,0
387,filler,0
388,filler,0
389,filler,0
390,filler,0
391,filler,0
392,filler,0
393,filler,0
394,filler,0
395,filler,0
396,filler,0
397,filler,0
398,filler,0
399,filler,0
400,filler,0
401,filler,0
402,filler,0
403,filler,0
404,filler,0
405,filler,0
406,filler,0
407,filler,0
408,filler,0
409,filler,0
410,filler,0
411,filler,0
412,filler,0
413,filler,0
414,filler,0
415,filler,0
416,filler,0
417,filler,0
418,filler,0
419,filler,0
420,filler,0
421,filler,0
422,filler,0
423,filler,0
424,filler,0
425,filler,0
426,filler,0
427,filler,0
428,filler,0
429,filler,0
430,filler,0
431,filler,0
432,filler,0
433,filler,0
434,filler,0
435,filler,0
436,filler,0
437,filler,0
438,filler,0
439,filler,0
440,filler,0
441,filler,0
442,filler,0
443,filler,0
444,filler,0
445,filler,0
446,filler,0
447,filler,0
448,filler,0
449,filler,0
450,filler,0
451,filler,0
452,filler,0
453,filler,0
454,filler,0
455,filler,0
456,filler,0
457,filler,0
458,filler,0
459,filler,0
460,filler,0
461,filler,0
462,filler,0
463,filler,0
464,filler,0
465,filler,0
466,filler,0
467,filler,0
468,filler,0
469,filler,0
470,filler,0
471,filler,0
472,filler,0
473,filler,0
474,filler,0
475,filler,0
476,filler,0
477,filler,0
478,filler,0
479,filler,0
480,filler,0
481,filler,0
482,filler,0
483,filler,0
484,filler,0
485,filler,0
486,filler,0
487,filler,0
488,filler,0
489,filler,0
490,filler,0
491,filler,0
492,filler,0
493,filler,0
494,filler,0
495,filler,0
496,filler,0
497,filler,0
498,filler,0
499,filler,0
500,filler,0
501,filler,0
502,filler,0
503,filler,0
504,filler,0
505,filler,0
506,filler,0
507,filler,0
508,filler,0
509,filler,0
510,filler,0
511,filler,0
512,filler,0
513,filler,0
514,filler,0
515,filler,0
516,filler,0
517,filler,0
518,filler,0
519,filler,0
520,filler,0
521,filler,0
522,filler,0
523,filler,0
524,filler,0
525,filler,0
526,filler,0
527,filler,0
528,filler,0
529,filler,0
530,filler,0
531,filler,0
532,filler,0
533,filler,0
534,filler,0
535,filler,0
536,filler,0
537,filler,0
538,filler,0
539,filler,0
540,filler,0
541,filler,0
542,filler,0
543,filler,0
544,filler,0
545,filler,0
546,filler,0
547,filler,0
548,filler,0
549,filler,0
550,filler,0
551,filler,0
552,filler,0
553,filler,0
554,filler,0
555,filler,0
556,filler,0
557,filler,0
558,filler,0
559,filler,0
560,1,1
561,1,1
562,1,1
563,1,1
564,1,1
565,1,1
566,1,1
567,1,1
568,1,1
569,1,1
570,1,1
571,1,1
572,1,1
573,1,1
574,1,1
575,1,1
576,1,1
577,1,1
578,1,1
579,1,1
580,1,1
581,1,1
582,1,1
583,1,1
584,1,1
585,1,1
586,1,1
587,1,1
588,1,1
589,1,1
590,1,1
591,1,1
592,1,1
593,1,1
594,1,1
595,1,1
596,1,1
597,1,1
598,1,1
599,1,1
600,1,1
601,1,1
602,1,1
603,1,1
604,1,1
605,1,1
606,1,1
607,1,1
608,1,1
609,1,1
610,1,1
611,1,1
612,1,1
613,1,1
614,1,1
615,1,1
616,1,1
617,1,1
618,1,1
619,1,1
620,1,1
621,1,1
622,1,1
623,1,1
624,1,1
625,1,1
626,1,1
627,1,1
628,1,1
629,1,1
630,1,1
631,1,1
632,1,1
633,1,1
634,1,1
635,1,1
636,1,1
637,1,1
638,1,1
639,1,1
640,1,1
641,1,1
642,1,1
643,1,1
644,1,1
645,1,1
646,1,1
647,1,1
648,1,1
649,1,1
650,1,1
651,1,1
652,1,1
653,1,1
654,1,1
655,1,1
656,1,1
657,1,1
658,1,1
659,1,1
660,1,1
661,1,1
662,1,1
663,1,1
664,1,1
665,1,1
666,1,1
667,1,1
668,1,1
669,1,1
670,1,1
671,1,1
672,1,1
673,1,1
674,1,1
675,1,1
676,1,1
677,1,1
678,1,1
679,1,1
680,1,1
681,1,1
682,1,1
683,1,1
684,1,1
685,1,1
686,1,1
687,1,1
688,1,1
689,1,1
690,1,1
691,1,1
692,1,1
693,1,1
694,1,1
695,1,1
696,1,1
697,1,1
698,1,1
699,1,1
700,1,1
701,1,1
702,1,1
703,1,1
704,1,1
705,1,1
706,1,1
707,1,1
708,1,1
709,1,1
710,1,1
711,1,1
712,1,1
713,1,1
714,1,1
715,1,1
716,1,1
717,1,1
718,1,1
719,1,1
720,1,1
721,1,1
722,1,1
723,1,1
724,1,1
725,1,1
726,1,1
727,1,1
728,1,1
729,1,1
730,1,1
731,1,1
732,1,1
733,1,1
734,1,1
735,1,1
736,1,1
737,1,1
738,1,1
739,1,1
740,1,1
741,1,1
742,1,1
743,1,1
744,1,1
745,1,1
746,1,1
747,1,1
748,1,1
749,1,1
750,1,1
751,1,1
752,1,1
753,1,1
754,1,1
755,1,1
756,1,1
757,1,1
758,1,1
759,1,1
760,1,1
761,1,1
762,1,1
763,1,1
764,1,1
765,1,1
766,1,1
767,1,1
768,1,1
769,1,1
770,1,1
771,1,1
772,1,1
773,1,1
774,1,1
775,1,1
776,1,1
777,1,1
778,1,1
779,1,1
780,1,1
781,1,1
782,1,1
783,1,1
784,1,1
785,1,1
786,1,1
787,1,1
788,1,1
789,1,1
790,1,1
791,1,1
792,1,1
793,1,1
794,1,1
795,1,1
796,1,1
797,1,1
798,1,1
799,1,1
800,1,1
801,1,1
802,1,1
803,1,1
804,1,1
805,1,1
806,1,1
807,1,1
808,1,1
809,1,1
810,1,1
811,1,1
812,1,1
813,1,1
814,1,1
815,1,1
816,1,1
817,1,1
818,1,1
819,1,1
820,1,1
821,1,1
822,1,1
823,1,1
824,1,1
825,1,1
826,1,1
827,1,1
828,1,1
829,1,1
830,1,1
831,1,1
832,1,1
833,1,1
834,1,1
835,1,1
836,1,1
837,1,1
838,1,1
839,1,1
840,1,1
841,1,1
842,1,1
843,1,1
844,1,1
845,1,1
846,1,1
847,1,1
848,1,1
849,1,1
850,1,1
851,1,1
852,1,1
853,1,1
854,1,1
855,1,1
856,1,1
857,1,1
858,1,1
859,1,1
860,1,1
861,1,1
862,1,1
863,1,1
864,1,1
865,1,1
866,1,1
867,1,1
868,1,1
869,1,1
870,1,1
871,1,1
872,1,1
873,1,1
874,1,1
875,1,1
876,1,1
877,1,1
878,1,1
879,1,1
880,1,1
881,1,1
882,1,1
883,1,1
884,1,1
885,1,1
886,1,1
887,1,1
888,1,1
889,1,1
890,1,1
891,1,1
892,1,1
893,1,1
894,1,1
895,1,1
896,1,1
897,1,1
898,1,1
899,1,1
900,1,1
901,1,1
902,1,1
903,1,1
904,1,1
905,1,1
906,1,1
907,1,1
908,1,1
909,1,1
910,1,1
911,1,1
912,1,1
913,1,1
914,1,1
915,1,1
916,1,1
917,1,1
918,1,1
919,1,1
920,1,1
921,1,1
922,1,1
923,1,1
924,1,1
925,1,1
926,1,1
927,1,1
928,1,1
929,1,1
930,1,1
931,1,1
932,1,1
933,1,1
934,1,1
935,1,1
936,1,1
937,1,1
938,1,1
939,1,1
940,1,1
941,1,1
942,1,1
943,1,1
944,1,1
945,1,1
946,1,1
947,1,1
948,1,1
949,1,1
950,1,1
951,1,1
952,1,1
953,1,1
954,1,1
955,1,1
956,1,1
957,1,1
958,1,1
959,1,1
960,1,1
961,1,1
962,1,1
963,1,1
964,1,1
965,1,1
966,1,1
967,1,1
968,1,1
969,1,1
970,1,1
971,1,1
972,1,1
973,1,1
974,1,1
975,1,1
976,1,1
977,1,1
978,1,1
979,1,1
980,1,1
981,1,1
982,1,1
983,1,1
984,1,1
985,1,1
986,1,1
987,1,1
988,1,1
989,1,1
990,1,1
991,1,1
992,1,1
993,1,1
994,1,1
995,1,1
996,1,1
997,1,1
998,1,1
999,1,1
1000,1,1
1001,1,1
1002,1,1
1003,1,1
1004,1,1
1005,1,1
1006,1,1
1007,1,1
1008,3,3
1009,3,3
1010,3,3
1011,3,3
1012,3,3
1013,3,3
1014,3,3
1015,3,3
1016,3,3
1017,3,3
1018,3,3
1019,3,3
1020,3,3
1021,3,3
1022,3,3
1023,3,3
1024,3,3
1025,3,3
1026,3,3
1027,3,3
1028,3,3
1029,3,3
1030,3,3
1031,3,3
1032,3,3
1033,3,3
1034,3,3
1035,3,3
1036,3,3
1037,3,3
1038,3,3
1039,3,3
1040,3,3
1041,3,3
1042,3,3
1043,3,3
1044,3,3
1045,3,3
1046,3,3
1047,3,3
1048,3,3
1049,3,3
1050,3,3
1051,3,3
1052,3,3
1053,3,3
1054,3,3
1055,3,3
1056,3,3
1057,3,3
1058,3,3
1059,3,3
1060,3,3
1061,3,3
1062,3,3
1063,3,3
1064,3,3
1065,3,3
1066,3,3
1067,3,3
1068,3,3
1069,3,3
1070,3,3
1071,3,3
1072,3,3
1073,3,3
1074,3,3
1075,3,3
1076,3,3
1077,3,3
1078,3,3
1079,3,3
1080,3,3
1081,3,3
1082,3,3
1083,3,3
1084,3,3
1085,3,3
1086,3,3
1087,3,3
1088,3,3
1089,3,3
1090,3,3
1091,3,3
1092,3,3
1093,3,3
1094,3,3
1095,3,3
1096,3,3
1097,3,3
1098,3,3
1099,3,3
1100,3,3
1101,3,3
1102,3,3
1103,3,3
1104,3,3
1105,3,3
1106,3,3
1107,3,3
1108,3,3
1109,3,3
1110,3,3
1111,3,3
1112,3,3
1113,3,3
1114,3,3
1115,3,3
1116,3,3
1117,3,3
1118,3,3
1119,3,3
1120,3,3
1121,3,3
1122,3,3
1123,3,3
1124,3,3
1125,3,3
1126,3,3
1127,3,3
1128,3,3
1129,3,3
1130,3,3
1131,3,3
1132,3,3
1133,3,3
1134,3,3
1135,3,3
1136,3,3
1137,3,3
1138,3,3
1139,3,3
1140,3,3
1141,3,3
1142,3,3
1143,3,3
1144,3,3
1145,3,3
1146,3,3
1147,3,3
1148,3,3
1149,3,3
1150,3,3
1151,3,3
1152,3,3
1153,3,3
1154,3,3
1155,3,3
1156,3,3
1157,3,3
1158,3,3
1159,3,3
1160,3,3
1161,3,3
1162,3,3
1163,3,3
1164,3,3
1165,3,3
1166,3,3
1167,3,3
1168,3,3
1169,3,3
1170,3,3
1171,3,3
1172,3,3
1173,3,3
1174,3,3
1175,3,3
1176,3,3
1177,3,3
1178,3,3
1179,3,3
1180,3,3
1181,3,3
1182,3,3
1183,3,3
1184,3,3
1185,3,3
1186,3,3
1187,3,3
1188,3,3
1189,3,3
1190,3,3
1191,3,3
1192,3,3
1193,3,3
1194,3,3
1195,3,3
1196,3,3
1197,3,3
1198,3,3
1199,3,3
1200,3,3
1201,3,3
1202,3,3
1203,3,3
1204,3,3
1205,3,3
1206,3,3
1207,3,3
1208,3,3
1209,3,3
1210,3,3
1211,3,3
1212,3,3
1213,3,3
1214,3,3
1215,3,3
1216,3,3
1217,3,3
1218,3,3
1219,3,3
1220,3,3
1221,3,3
1222,3,3
1223,3,3
1224,3,3
1225,3,3
1226,3,3
1227,3,3
1228,3,3
1229,3,3
1230,3,3
1231,3,3
1232,3,3
1233,3,3
1234,3,3
1235,3,3
1236,3,3
1237,3,3
1238,3,3
1239,3,3
1240,3,3
1241,3,3
1242,3,3
1243,3,3
1244,3,3
1245,3,3
1246,3,3
1247,3,3
1248,3,3
1249,3,3
1250,3,3
1251,3,3
1252,3,3
1253,3,3
1254,3,3
1255,3,3
1256,3,3
1257,3,3
1258,3,3
1259,3,3
1260,3,3
1261,3,3
1262,3,3
1263,3,3
1264,3,3
1265,3,3
1266,3,3
1267,3,3
1268,3,3
1269,3,3
1270,3,3
1271,3,3
1272,3,3
1273,3,3
1274,3,3
1275,3,3
1276,3,3
1277,3,3
1278,3,3
1279,3,3
1280,3,3
1281,3,3
1282,3,3
1283,3,3
1284,3,3
1285,3,3
1286,3,3
1287,3,3
1288,3,3
1289,3,3
1290,3,3
1291,3,3
1292,3,3
1293,3,3
1294,3,3
1295,3,3
1296,3,3
1297,3,3
1298,3,3
1299,3,3
1300,3,3
1301,3,3
1302,3,3
1303,3,3
1304,3,3
1305,3,3
1306,3,3
1307,3,3
1308,3,3
1309,3,3
1310,3,3
1311,3,3
1312,3,3
1313,3,3
1314,3,3
1315,3,3
1316,3,3
1317,3,3
1318,3,3
1319,3,3
1320,3,3
1321,3,3
1322,3,3
1323,3,3
1324,3,3
1325,3,3
1326,3,3
1327,3,3
1328,3,3
1329,3,3
1330,3,3
1331,3,3
1332,3,3
1333,3,3
1334,3,3
1335,3,3
1336,3,3
1337,3,3
1338,3,3
1339,3,3
1340,3,3
1341,3,3
1342,3,3
1343,3,3
1344,3,3
1345,3,3
1346,3,3
1347,3,3
1348,3,3
1349,3,3
1350,3,3
1351,3,3
1352,3,3
1353,3,3
1354,3,3
1355,3,3
1356,3,3
1357,3,3
1358,3,3
1359,3,3
1360,3,3
1361,3,3
1362,3,3
1363,3,3
1364,3,3
1365,3,3
1366,3,3
1367,3,3
1368,3,3
1369,3,3
1370,3,3
1371,3,3
1372,3,3
1373,3,3
1374,3,3
1375,3,3
1376,3,3
1377,3,3
1378,3,3
1379,3,3
1380,3,3
1381,3,3
1382,3,3
1383,3,3
1384,3,3
1385,3,3
1386,3,3
1387,3,3
1388,3,3
1389,3,3
1390,3,3
1391,3,3
1392,3,3
1393,3,3
1394,3,3
1395,3,3
1396,3,3
1397,3,3
1398,3,3
1399,3,3
1400,3,3
1401,3,3
1402,3,3
1403,3,3
1404,3,3
1405,3,3
1406,3,3
1407,3,3
1408,3,3
1409,3,3
1410,3,3
1411,3,3
1412,3,3
1413,3,3
1414,3,3
1415,3,3
1416,3,3
1417,3,3
1418,3,3
1419,3,3
1420,3,3
1421,3,3
1422,3,3
1423,3,3
1424,3,3
1425,3,3
1426,3,3
1427,3,3
1428,3,3
1429,3,3
1430,3,3
1431,3,3
1432,3,3
1433,3,3
1434,3,3
1435,3,3
1436,3,3
1437,3,3
1438,3,3
1439,3,3
1440,3,3
1441,3,3
1442,3,3
1443,3,3
1444,3,3
1445,3,3
1446,3,3
1447,3,3
1448,3,3
1449,3,3
1450,3,3
1451,3,3
1452,3,3
1453,3,3
1454,3,3
1455,3,3
1456,4,4
1457,4,4
1458,4,4
1459,4,4
1460,4,4
1461,4,4
1462,4,4
1463,4,4
1464,4,4
1465,4,4
1466,4,4
1467,4,4
1468,4,4
1469,4,4
1470,4,4
1471,4,4
1472,4,4
1473,4,4
1474,4,4
1475,4,4
1476,4,4
1477,4,4
1478,4,4
1479,4,4
1480,4,4
1481,4,4
1482,4,4
1483,4,4
1484,4,4
1485,4,4
1486,4,4
1487,4,4
1488,4,4
1489,4,4
1490,4,4
1491,4,4
1492,4,4
1493,4,4
1494,4,4
1495,4,4
1496,4,4
1497,4,4
1498,4,4
1499,4,4
1500,4,4
1501,4,4
1502,4,4
1503,4,4
1504,4,4
1505,4,4
1506,4,4
1507,4,4
1508,4,4
1509,4,4
1510,4,4
1511,4,4
1512,4,4
1513,4,4
1514,4,4
1515,4,4
1516,4,4
1517,4,4
1518,4,4
1519,4,4
1520,4,4
1521,4,4
1522,4,4
1523,4,4
1524,4,4
1525,4,4
1526,4,4
1527,4,4
1528,4,4
1529,4,4
1530,4,4
1531,4,4
1532,4,4
1533,4,4
1534,4,4
1535,4,4
1536,4,4
1537,4,4
1538,4,4
1539,4,4
1540,4,4
1541,4,4
1542,4,4
1543,4,4
1544,4,4
1545,4,4
1546,4,4
1547,4,4
1548,4,4
1549,4,4
1550,4,4
1551,4,4
1552,4,4
1553,4,4
1554,4,4
1555,4,4
1556,4,4
1557,4,4
1558,4,4
1559,4,4
1560,4,4
1561,4,4
1562,4,4
1563,4,4
1564,4,4
1565,4,4
1566,4,4
1567,4,4
1568,4,4
1569,4,4
1570,4,4
1571,4,4
1572,4,4
1573,4,4
1574,4,4
1575,4,4
1576,4,4
1577,4,4
1578,4,4
1579,4,4
1580,4,4
1581,4,4
1582,4,4
1583,4,4
1584,4,4
1585,4,4
1586,4,4
1587,4,4
1588,4,4
1589,4,4
1590,4,4
1591,4,4
1592,4,4
1593,4,4
1594,4,4
1595,4,4
1596,4,4
1597,4,4
1598,4,4
1599,4,4
1600,4,4
1601,4,4
1602,4,4
1603,4,4
1604,4,4
1605,4,4
1606,4,4
1607,4,4
1608,4,4
1609,4,4
1610,4,4
1611,4,4
1612,4,4
1613,4,4
1614,4,4
1615,4,4
1616,4,4
1617,4,4
1618,4,4
1619,4,4
1620,4,4
1621,4,4
1622,4,4
1623,4,4
1624,4,4
1625,4,4
1626,4,4
1627,4,4
1628,4,4
1629,4,4
1630,4,4
1631,4,4
1632,4,4
1633,4,4
1634,4,4
1635,4,4
1636,4,4
1637,4,4
1638,4,4
1639,4,4
1640,4,4
1641,4,4
1642,4,4
1643,4,4
1644,4,4
1645,4,4
1646,4,4
1647,4,4
1648,4,4
1649,4,4
1650,4,4
1651,4,4
1652,4,4
1653,4,4
1654,4,4
1655,4,4
1656,4,4
1657,4,4
1658,4,4
1659,4,4
1660,4,4
1661,4,4
1662,4,4
1663,4,4
1664,4,4
1665,4,4
1666,4,4
1667,4,4
1668,4,4
1669,4,4
1670,4,4
1671,4,4
1672,4,4
1673,4,4
1674,4,4
1675,4,4
1676,4,4
1677,4,4
1678,4,4
1679,4,4
1680,4,4
1681,4,4
1682,4,4
1683,4,4
1684,4,4
1685,4,4
1686,4,4
1687,4,4
1688,4,4
1689,4,4
1690,4,4
1691,4,4
1692,4,4
1693,4,4
1694,4,4
1695,4,4
1696,4,4
1697,4,4
1698,4,4
1699,4,4
1700,4,4
1701,4,4
1702,4,4
1703,4,4
1704,4,4
1705,4,4
1706,4,4
1707,4,4
1708,4,4
1709,4,4
1710,4,4
1711,4,4
1712,4,4
1713,4,4
1714,4,4
1715,4,4
1716,4,4
1717,4,4
1718,4,4
1719,4,4
1720,4,4
1721,4,4
1722,4,4
1723,4,4
1724,4,4
1725,4,4
1726,4,4
1727,4,4
1728,4,4
1729,4,4
1730,4,4
1731,4,4
1732,4,4
1733,4,4
1734,4,4
1735,4,4
1736,4,4
1737,4,4
1738,4,4
1739,4,4
1740,4,4
1741,4,4
1742,4,4
1743,4,4
1744,4,4
1745,4,4
1746,4,4
1747,4,4
1748,4,4
1749,4,4
1750,4,4
1751,4,4
1752,4,4
1753,4,4
1754,4,4
1755,4,4
1756,4,4
1757,4,4
1758,4,4
1759,4,4
1760,4,4
1761,4,4
1762,4,4
1763,4,4
1764,4,4
1765,4,4
1766,4,4
1767,4,4
1768,4,4
1769,4,4
1770,4,4
1771,4,4
1772,4,4
1773,4,4
1774,4,4
1775,4,4
1776,4,4
1777,4,4
1778,4,4
1779,4,4
1780,4,4
1781,4,4
1782,4,4
1783,4,4
1784,4,4
1785,4,4
1786,4,4
1787,4,4
1788,4,4
1789,4,4
1790,4,4
1791,4,4
1792,4,4
1793,4,4
1794,4,4
1795,4,4
1796,4,4
1797,4,4
1798,4,4
1799,4,4
1800,4,4
1801,4,4
1802,4,4
1803,4,4
1804,4,4
1805,4,4
1806,4,4
1807,4,4
1808,4,4
1809,4,4
1810,4,4
1811,4,4
1812,4,4
1813,4,4
1814,4,4
1815,4,4
1816,4,4
1817,4,4
1818,4,4
1819,4,4
1820,4,4
1821,4,4
1822,4,4
1823,4,4
1824,4,4
1825,4,4
1826,4,4
1827,4,4
1828,4,4
1829,4,4
1830,4,4
1831,4,4
1832,4,4
1833,4,4
1834,4,4
1835,4,4
1836,4,4
1837,4,4
1838,4,4
1839,4,4
1840,4,4
1841,4,4
1842,4,4
1843,4,4
1844,4,4
1845,4,4
1846,4,4
1847,4,4
1848,4,4
1849,4,4
1850,4,4
1851,4,4
1852,4,4
1853,4,4
1854,4,4
1855,4,4
1856,4,4
1857,4,4
1858,4,4
1859,4,4
1860,4,4
1861,4,4
1862,4,4
1863,4,4
1864,4,4
1865,4,4
1866,4,4
1867,4,4
1868,4,4
1869,4,4
1870,4,4
1871,4,4
1872,4,4
1873,4,4
1874,4,4
1875,4,4
1876,4,4
1877,4,4
1878,4,4
1879,4,4
1880,4,4
1881,4,4
1882,4,4
1883,4,4
1884,4,4
1885,4,4
1886,4,4
1887,4,4
1888,4,4
1889,4,4
1890,4,4
1891,4,4
1892,4,4
1893,4,4
1894,4,4
1895,4,4
1896,4,4
1897,4,4
1898,4,4
1899,4,4
1900,4,4
1901,4,4
1902,4,4
1903,4,4
1904,2,2
1905,2,2
1906,2,2
1907,2,2
1908,2,2
1909,2,2
1910,2,2
1911,2,2
1912,2,2
1913,2,2
1914,2,2
1915,2,2
1916,2,2
1917,2,2
1918,2,2
1919,2,2
1920,2,2
1921,2,2
1922,2,2
1923,2,2
1924,2,2
1925,2,2
1926,2,2
1927,2,2
1928,2,2
1929,2,2
1930,2,2
1931,2,2
1932,2,2
1933,2,2
1934,2,2
1935,2,2
1936,2,2
1937,2,2
1938,2,2
1939,2,2
1940,2,2
1941,2,2
1942,2,2
1943,2,2
1944,2,2
1945,2,2
1946,2,2
1947,2,2
1948,2,2
1949,2,2
1950,2,2
1951,2,2
1952,2,2
1953,2,2
1954,2,2
1955,2,2
1956,2,2
1957,2,2
1958,2,2
1959,2,2
1960,2,2
1961,2,2
1962,2,2
1963,2,2
1964,2,2
1965,2,2
1966,2,2
1967,2,2
1968,2,2
1969,2,2
1970,2,2
1971,2,2
1972,2,2
1973,2,2
1974,2,2
1975,2,2
1976,2,2
1977,2,2
1978,2,2
1979,2,2
1980,2,2
1981,2,2
1982,2,2
1983,2,2
1984,2,2
1985,2,2
1986,2,2
1987,2,2
1988,2,2
1989,2,2
1990,2,2
1991,2,2
1992,2,2
1993,2,2
1994,2,2
1995,2,2
1996,2,2
1997,2,2
1998,2,2
1999,2,2
2000,2,2
2001,2,2
2002,2,2
2003,2,2
2004,2,2
2005,2,2
2006,2,2
2007,2,2
2008,2,2
2009,2,2
2010,2,2
2011,2,2
2012,2,2
2013,2,2
2014,2,2
2015,2,2
2016,2,2
2017,2,2
2018,2,2
2019,2,2
2020,2,2
2021,2,2
2022,2,2
2023,2,2
2024,2,2
2025,2,2
2026,2,2
2027,2,2
2028,2,2
2029,2,2
2030,2,2
2031,2,2
2032,2,2
2033,2,2
2034,2,2
2035,2,2
2036,2,2
2037,2,2
2038,2,2
2039,2,2
2040,2,2
2041,2,2
2042,2,2
2043,2,2
2044,2,2
2045,2,2
2046,2,2
2047,2,2
2048,2,2
2049,2,2
2050,2,2
2051,2,2
2052,2,2
2053,2,2
2054,2,2
2055,2,2
2056,2,2
2057,2,2
2058,2,2
2059,2,2
2060,2,2
2061,2,2
2062,2,2
2063,2,2
2064,2,2
2065,2,2
2066,2,2
2067,2,2
2068,2,2
2069,2,2
2070,2,2
2071,2,2
2072,2,2
2073,2,2
2074,2,2
2075,2,2
2076,2,2
2077,2,2
2078,2,2
2079,2,2
2080,2,2
2081,2,2
2082,2,2
2083,2,2
2084,2,2
2085,2,2
2086,2,2
2087,2,2
2088,2,2
2089,2,2
2090,2,2
2091,2,2
2092,2,2
2093,2,2
2094,2,2
2095,2,2
2096,2,2
2097,2,2
2098,2,2
2099,2,2
2100,2,2
2101,2,2
2102,2,2
2103,2,2
2104,2,2
2105,2,2
2106,2,2
2107,2,2
2108,2,2
2109,2,2
2110,2,2
2111,2,2
2112,2,2
2113,2,2
2114,2,2
2115,2,2
2116,2,2
2117,2,2
2118,2,2
2119,2,2
2120,2,2
2121,2,2
2122,2,2
2123,2,2
2124,2,2
2125,2,2
2126,2,2
2127,2,2
2128,2,2
2129,2,2
2130,2,2
2131,2,2
2132,2,2
2133,2,2
2134,2,2
2135,2,2
2136,2,2
2137,2,2
2138,2,2
2139,2,2
2140,2,2
2141,2,2
2142,2,2
2143,2,2
2144,2,2
2145,2,2
2146,2,2
2147,2,2
2148,2,2
2149,2,2
2150,2,2
2151,2,2
2152,2,2
2153,2,2
2154,2,2
2155,2,2
2156,2,2
2157,2,2
2158,2,2
2159,2,2
2160,2,2
2161,2,2
2162,2,2
2163,2,2
2164,2,2
2165,2,2
2166,2,2
2167,2,2
2168,2,2
2169,2,2
2170,2,2
2171,2,2
2172,2,2
2173,2,2
2174,2,2
2175,2,2
2176,2,2
2177,2,2
2178,2,2
2179,2,2
2180,2,2
2181,2,2
2182,2,2
2183,2,2
2184,2,2
2185,2,2
2186,2,2
2187,2,2
2188,2,2
2189,2,2
2190,2,2
2191,2,2
2192,2,2
2193,2,2
2194,2,2
2195,2,2
2196,2,2
2197,2,2
2198,2,2
2199,2,2
2200,2,2
2201,2,2
2202,2,2
2203,2,2
2204,2,2
2205,2,2
2206,2,2
2207,2,2
2208,2,2
2209,2,2
2210,2,2
2211,2,2
2212,2,2
2213,2,2
2214,2,2
2215,2,2
2216,2,2
2217,2,2
2218,2,2
2219,2,2
2220,2,2
2221,2,2
2222,2,2
2223,2,2
2224,2,2
2225,2,2
2226,2,2
2227,2,2
2228,2,2
2229,2,2
2230,2,2
2231,2,2
2232,2,2
2233,2,2
2234,2,2
2235,2,2
2236,2,2
2237,2,2
2238,2,2
2239,2,2
2240,2,2
2241,2,2
2242,2,2
2243,2,2
2244,2,2
2245,2,2
2246,2,2
2247,2,2
2248,2,2
2249,2,2
2250,2,2
2251,2,2
2252,2,2
2253,2,2
2254,2,2
2255,2,2
2256,2,2
2257,2,2
2258,2,2
2259,2,2
2260,2,2
2261,2,2
2262,2,2
2263,2,2
2264,2,2
2265,2,2
2266,2,2
2267,2,2
2268,2,2
2269,2,2
2270,2,2
2271,2,2
2272,2,2
2273,2,2
2274,2,2
2275,2,2
2276,2,2
2277,2,2
2278,2,2
2279,2,2
2280,2,2
2281,2,2
2282,2,2
2283,2,2
2284,2,2
2285,2,2
2286,2,2
2287,2,2
2288,2,2
2289,2,2
2290,2,2
2291,2,2
2292,2,2
2293,2,2
2294,2,2
2295,2,2
2296,2,2
2297,2,2
2298,2,2
2299,2,2
2300,2,2
2301,2,2
2302,2,2
2303,2,2
2304,2,2
2305,2,2
2306,2,2
2307,2,2
2308,2,2
2309,2,2
2310,2,2
2311,2,2
2312,2,2
2313,2,2
2314,2,2
2315,2,2
2316,2,2
2317,2,2
2318,2,2
2319,2,2
2320,2,2
2321,2,2
2322,2,2
2323,2,2
2324,2,2
2325,2,2
2326,2,2
2327,2,2
2328,2,2
2329,2,2
2330,2,2
2331,2,2
2332,2,2
2333,2,2
2334,2,2
2335,2,2
2336,2,2
2337,2,2
2338,2,2
2339,2,2
2340,2,2
2341,2,2
2342,2,2
2343,2,2
2344,2,2
2345,2,2
2346,2,2
2347,2,2
2348,2,2
2349,2,2
2350,2,2
2351,2,2
2352,2,2
2353,2,2
2354,2,2
2355,2,2
2356,2,2
2357,2,2
2358,2,2
2359,2,2
2360,2,2
2361,2,2
2362,2,2
2363,2,2
2364,2,2
2365,2,2
2366,2,2
2367,2,2
2368,2,2
2369,2,2
2370,2,2
2371,2,2
2372,2,2
2373,2,2
2374,2,2
2375,2,2
2376,2,2
2377,2,2
2378,2,2
2379,2,2
2380,2,2
2381,2,2
2382,2,2
2383,2,2
2384,2,2
2385,2,2
2386,2,2
2387,2,2
2388,2,2
2389,2,2
2390,2,2
2391,2,2
2392,2,2
2393,2,2
2394,2,2
2395,2,2
2396,2,2
2397,2,2
2398,2,2
2399,2,2
2400,2,2
2401,2,2
2402,2,2
2403,2,2
2404,2,2
2405,2,2
2406,2,2
2407,2,2
2408,2,2
2409,2,2
2410,2,2
2411,2,2
2412,2,2
2413,2,2
2414,2,2
2415,2,2
2416,2,2
2417,2,2
2418,2,2
2419,2,2
2420,2,2
2421,2,2
2422,2,2
2423,2,2
2424,2,2
2425,2,2
2426,2,2
2427,2,2
2428,2,2
2429,2,2
2430,2,2
2431,2,2
2432,2,2
2433,2,2
2434,2,2
2435,2,2
2436,2,2
2437,2,2
2438,2,2
2439,2,2
2440,2,2
2441,2,2
2442,2,2
2443,2,2
2444,2,2
2445,2,2
2446,2,2
2447,2,2
2448,2,2
2449,2,2
2450,2,2
2451,2,2
2452,2,2
2453,2,2
2454,2,2
2455,2,2
2456,2,2
2457,2,2
2458,2,2
2459,2,2
2460,2,2
2461,2,2
2462,2,2
2463,2,2
2464,2,2
2465,2,2
2466,2,2
2467,2,2
2468,2,2
2469,2,2
2470,2,2
2471,2,2
2472,2,2
2473,2,2
2474,2,2
2475,2,2
2476,2,2
2477,2,2
2478,2,2
2479,2,2
2480,2,2
2481,2,2
2482,2,2
2483,2,2
2484,2,2
2485,2,2
2486,2,2
2487,2,2
2488,2,2
2489,2,2
2490,2,2
2491,2,2
2492,2,2
2493,2,2
2494,2,2
2495,2,2
2496,2,2
2497,2,2
2498,2,2
2499,2,2
2500,2,2
2501,2,2
2502,2,2
2503,2,2
2504,2,2
2505,2,2
2506,2,2
2507,2,2
2508,2,2
2509,2,2
2510,2,2
2511,2,2
2512,2,2
2513,2,2
2514,2,2
2515,2,2
2516,2,2
2517,2,2
2518,2,2
2519,2,2
2520,2,2
2521,2,2
2522,2,2
2523,2,2
2524,2,2
2525,2,2
2526,2,2
2527,2,2
2528,2,2
2529,2,2
2530,2,2
2531,2,2
2532,2,2
2533,2,2
2534,2,2
2535,2,2
2536,2,2
2537,2,2
2538,2,2
2539,2,2
2540,2,2
2541,2,2
2542,2,2
2543,2,2
2544,2,2
2545,2,2
2546,2,2
2547,2,2
2548,2,2
2549,2,2
2550,2,2
2551,2,2
2552,2,2
2553,2,2
2554,2,2
2555,2,2
2556,2,2
2557,2,2
2558,2,2
2559,2,2
2560,2,2
2561,2,2
2562,2,2
2563,2,2
2564,2,2
2565,2,2
2566,2,2
2567,2,2
2568,2,2
2569,2,2
2570,2,2
2571,2,2
2572,2,2
2573,2,2
2574,2,2
2575,2,2
2576,2,2
2577,2,2
2578,2,2
2579,2,2
2580,2,2
2581,2,2
2582,2,2
2583,2,2
2584,2,2
2585,2,2
2586,2,2
2587,2,2
2588,2,2
2589,2,2
2590,2,2
2591,2,2
2592,2,2
2593,2,2
2594,2,2
2595,2,2
2596,2,2
2597,2,2
2598,2,2
2599,2,2
2600,2,2
2601,2,2
2602,2,2
2603,2,2
2604,2,2
2605,2,2
2606,2,2
2607,2,2
2608,2,2
2609,2,2
2610,2,2
2611,2,2
2612,2,2
2613,2,2
2614,2,2
2615,2,2
2616,2,2
2617,2,2
2618,2,2
2619,2,2
2620,2,2
2621,2,2
2622,2,2
2623,2,2
2624,2,2
2625,2,2
2626,2,2
2627,2,2
2628,2,2
2629,2,2
2630,2,2
2631,2,2
2632,2,2
2633,2,2
2634,2,2
2635,2,2
2636,2,2
2637,2,2
2638,2,2
2639,2,2
2640,2,2
2641,2,2
2642,2,2
2643,2,2
2644,2,2
2645,2,2
2646,2,2
2647,2,2
2648,2,2
2649,2,2
2650,2,2
2651,2,2
2652,2,2
2653,2,2
2654,2,2
2655,2,2
2656,2,2
2657,2,2
2658,2,2
2659,2,2
2660,2,2
2661,2,2
2662,2,2
2663,2,2
2664,2,2
2665,2,2
2666,2,2
2667,2,2
2668,2,2
2669,2,2
2670,2,2
2671,2,2
2672,2,2
2673,2,2
2674,2,2
2675,2,2
2676,2,2
2677,2,2
2678,2,2
2679,2,2
2680,2,2
2681,2,2
2682,2,2
2683,2,2
2684,2,2
2685,2,2
2686,2,2
2687,2,2
2688,2,2
2689,2,2
2690,2,2
2691,2,2
2692,2,2
2693,2,2
2694,2,2
2695,2,2
2696,2,2
2697,2,2
2698,2,2
2699,2,2
2700,2,2
2701,2,2
2702,2,2
2703,2,2
2704,2,2
2705,2,2
2706,2,2
2707,2,2
2708,2,2
2709,2,2
2710,2,2
2711,2,2
2712,2,2
2713,2,2
2714,2,2
2715,2,2
2716,2,2
2717,2,2
2718,2,2
2719,2,2
2720,2,2
2721,2,2
2722,2,2
2723,2,2
2724,2,2
2725,2,2
2726,2,2
2727,2,2
2728,2,2
2729,2,2
2730,2,2
2731,2,2
2732,2,2
2733,2,2
2734,2,2
2735,2,2
2736,2,2
2737,2,2
2738,2,2
2739,2,2
2740,2,2
2741,2,2
2742,2,2
2743,2,2
2744,2,2
2745,2,2
2746,2,2
2747,2,2
2748,2,2
2749,2,2
2750,2,2
2751,2,2
2752,2,2
2753,2,2
2754,2,2
2755,2,2
2756,2,2
2757,2,2
2758,2,2
2759,2,2
2760,2,2
2761,2,2
2762,2,2
2763,2,2
2764,2,2
2765,2,2
2766,2,2
2767,2,2
2768,2,2
2769,2,2
2770,2,2
2771,2,2
2772,2,2
2773,2,2
2774,2,2
2775,2,2
2776,2,2
2777,2,2
2778,2,2
2779,2,2
2780,2,2
2781,2,2
2782,2,2
2783,2,2
2784,2,2
2785,2,2
2786,2,2
2787,2,2
2788,2,2
2789,2,2
2790,2,2
2791,2,2
2792,2,2
2793,2,2
2794,2,2
2795,2,2
2796,2,2
2797,2,2
2798,2,2
2799,2,2
2800,1,1
2801,1,1
2802,1,1
2803,1,1
2804,1,1
2805,1,1
2806,1,1
2807,1,1
2808,1,1
2809,1,1
2810,1,1
2811,1,1
2812,1,1
2813,1,1
2814,1,1
2815,1,1
2816,1,1
2817,1,1
2818,1,1
2819,1,1
2820,1,1
2821,1,1
2822,1,1
2823,1,1
2824,1,1
2825,1,1
2826,1,1
2827,1,1
2828,1,1
2829,1,1
2830,1,1
2831,1,1
2832,1,1
2833,1,1
2834,1,1
2835,1,1
2836,1,1
2837,1,1
2838,1,1
2839,1,1
2840,1,1
2841,1,1
2842,1,1
2843,1,1
2844,1,1
2845,1,1
2846,1,1
2847,1,1
2848,1,1
2849,1,1
2850,1,1
2851,1,1
2852,1,1
2853,1,1
2854,1,1
2855,1,1
2856,1,1
2857,1,1
2858,1,1
2859,1,1
2860,1,1
2861,1,1
2862,1,1
2863,1,1
2864,1,1
2865,1,1
2866,1,1
2867,1,1
2868,1,1
2869,1,1
2870,1,1
2871,1,1
2872,1,1
2873,1,1
2874,1,1
2875,1,1
2876,1,1
2877,1,1
2878,1,1
2879,1,1
2880,1,1
2881,1,1
2882,1,1
2883,1,1
2884,1,1
2885,1,1
2886,1,1
2887,1,1
2888,1,1
2889,1,1
2890,1,1
2891,1,1
2892,1,1
2893,1,1
2894,1,1
2895,1,1
2896,1,1
2897,1,1
2898,1,1
2899,1,1
2900,1,1
2901,1,1
2902,1,1
2903,1,1
2904,1,1
2905,1,1
2906,1,1
2907,1,1
2908,1,1
2909,1,1
2910,1,1
2911,1,1
2912,1,1
2913,1,1
2914,1,1
2915,1,1
2916,1,1
2917,1,1
2918,1,1
2919,1,1
2920,1,1
2921,1,1
2922,1,1
2923,1,1
2924,1,1
2925,1,1
2926,1,1
2927,1,1
2928,1,1
2929,1,1
2930,1,1
2931,1,1
2932,1,1
2933,1,1
2934,1,1
2935,1,1
2936,1,1
2937,1,1
2938,1,1
2939,1,1
2940,1,1
2941,1,1
2942,1,1
2943,1,1
2944,1,1
2945,1,1
2946,1,1
2947,1,1
2948,1,1
2949,1,1
2950,1,1
2951,1,1
2952,1,1
2953,1,1
2954,1,1
2955,1,1
2956,1,1
2957,1,1
2958,1,1
2959,1,1
2960,1,1
2961,1,1
2962,1,1
2963,1,1
2964,1,1
2965,1,1
2966,1,1
2967,1,1
2968,1,1
2969,1,1
2970,1,1
2971,1,1
2972,1,1
2973,1,1
2974,1,1
2975,1,1
2976,1,1
2977,1,1
2978,1,1
2979,1,1
2980,1,1
2981,1,1
2982,1,1
2983,1,1
2984,1,1
2985,1,1
2986,1,1
2987,1,1
2988,1,1
2989,1,1
2990,1,1
2991,1,1
2992,1,1
2993,1,1
2994,1,1
2995,1,1
2996,1,1
2997,1,1
2998,1,1
2999,1,1
3000,1,1
3001,1,1
3002,1,1
3003,1,1
3004,1,1
3005,1,1
3006,1,1
3007,1,1
3008,1,1
3009,1,1
3010,1,1
3011,1,1
3012,1,1
3013,1,1
3014,1,1
3015,1,1
3016,1,1
3017,1,1
3018,1,1
3019,1,1
3020,1,1
3021,1,1
3022,1,1
3023,1,1
3024,1,1
3025,1,1
3026,1,1
3027,1,1
3028,1,1
3029,1,1
3030,1,1
3031,1,1
3032,1,1
3033,1,1
3034,1,1
3035,1,1
3036,1,1
3037,1,1
3038,1,1
3039,1,1
3040,1,1
3041,1,1
3042,1,1
3043,1,1
3044,1,1
3045,1,1
3046,1,1
3047,1,1
3048,1,1
3049,1,1
3050,1,1
3051,1,1
3052,1,1
3053,1,1
3054,1,1
3055,1,1
3056,1,1
3057,1,1
3058,1,1
3059,1,1
3060,1,1
3061,1,1
3062,1,1
3063,1,1
3064,1,1
3065,1,1
3066,1,1
3067,1,1
3068,1,1
3069,1,1
3070,1,1
3071,1,1
3072,1,1
3073,1,1
3074,1,1
3075,1,1
3076,1,1
3077,1,1
3078,1,1
3079,1,1
3080,1,1
3081,1,1
3082,1,1
3083,1,1
3084,1,1
3085,1,1
3086,1,1
3087,1,1
3088,1,1
3089,1,1
3090,1,1
3091,1,1
3092,1,1
3093,1,1
3094,1,1
3095,1,1
3096,1,1
3097,1,1
3098,1,1
3099,1,1
3100,1,1
3101,1,1
3102,1,1
3103,1,1
3104,1,1
3105,1,1
3106,1,1
3107,1,1
3108,1,1
3109,1,1
3110,1,1
3111,1,1
3112,1,1
3113,1,1
3114,1,1
3115,1,1
3116,1,1
3117,1,1
3118,1,1
3119,1,1
3120,1,1
3121,1,1
3122,1,1
3123,1,1
3124,1,1
3125,1,1
3126,1,1
3127,1,1
3128,1,1
3129,1,1
3130,1,1
3131,1,1
3132,1,1
3133,1,1
3134,1,1
3135,1,1
3136,1,1
3137,1,1
3138,1,1
3139,1,1
3140,1,1
3141,1,1
3142,1,1
3143,1,1
3144,1,1
3145,1,1
3146,1,1
3147,1,1
3148,1,1
3149,1,1
3150,1,1
3151,1,1
3152,1,1
3153,1,1
3154,1,1
3155,1,1
3156,1,1
3157,1,1
3158,1,1
3159,1,1
3160,1,1
3161,1,1
3162,1,1
3163,1,1
3164,1,1
3165,1,1
3166,1,1
3167,1,1
3168,1,1
3169,1,1
3170,1,1
3171,1,1
3172,1,1
3173,1,1
3174,1,1
3175,1,1
3176,1,1
3177,1,1
3178,1,1
3179,1,1
3180,1,1
3181,1,1
3182,1,1
3183,1,1
3184,1,1
3185,1,1
3186,1,1
3187,1,1
3188,1,1
3189,1,1
3190,1,1
3191,1,1
3192,1,1
3193,1,1
3194,1,1
3195,1,1
3196,1,1
3197,1,1
3198,1,1
3199,1,1
3200,1,1
3201,1,1
3202,1,1
3203,1,1
3204,1,1
3205,1,1
3206,1,1
3207,1,1
3208,1,1
3209,1,1
3210,1,1
3211,1,1
3212,1,1
3213,1,1
3214,1,1
3215,1,1
3216,1,1
3217,1,1
3218,1,1
3219,1,1
3220,1,1
3221,1,1
3222,1,1
3223,1,1
3224,1,1
3225,1,1
3226,1,1
3227,1,1
3228,1,1
3229,1,1
3230,1,1
3231,1,1
3232,1,1
3233,1,1
3234,1,1
3235,1,1
3236,1,1
3237,1,1
3238,1,1
3239,1,1
3240,1,1
3241,1,1
3242,1,1
3243,1,1
3244,1,1
3245,1,1
3246,1,1
3247,1,1
3248,4,4
3249,4,4
3250,4,4
3251,4,4
3252,4,4
3253,4,4
3254,4,4
3255,4,4
3256,4,4
3257,4,4
3258,4,4
3259,4,4
3260,4,4
3261,4,4
3262,4,4
3263,4,4
3264,4,4
3265,4,4
3266,4,4
3267,4,4
3268,4,4
3269,4,4
3270,4,4
3271,4,4
3272,4,4
3273,4,4
3274,4,4
3275,4,4
3276,4,4
3277,4,4
3278,4,4
3279,4,4
3280,4,4
3281,4,4
3282,4,4
3283,4,4
3284,4,4
3285,4,4
3286,4,4
3287,4,4
3288,4,4
3289,4,4
3290,4,4
3291,4,4
3292,4,4
3293,4,4
3294,4,4
3295,4,4
3296,4,4
3297,4,4
3298,4,4
3299,4,4
3300,4,4
3301,4,4
3302,4,4
3303,4,4
3304,4,4
3305,4,4
3306,4,4
3307,4,4
3308,4,4
3309,4,4
3310,4,4
3311,4,4
3312,4,4
3313,4,4
3314,4,4
3315,4,4
3316,4,4
3317,4,4
3318,4,4
3319,4,4
3320,4,4
3321,4,4
3322,4,4
3323,4,4
3324,4,4
3325,4,4
3326,4,4
3327,4,4
3328,4,4
3329,4,4
3330,4,4
3331,4,4
3332,4,4
3333,4,4
3334,4,4
3335,4,4
3336,4,4
3337,4,4
3338,4,4
3339,4,4
3340,4,4
3341,4,4
3342,4,4
3343,4,4
3344,4,4
3345,4,4
3346,4,4
3347,4,4
3348,4,4
3349,4,4
3350,4,4
3351,4,4
3352,4,4
3353,4,4
3354,4,4
3355,4,4
3356,4,4
3357,4,4
3358,4,4
3359,4,4
3360,4,4
3361,4,4
3362,4,4
3363,4,4
3364,4,4
3365,4,4
3366,4,4
3367,4,4
3368,4,4
3369,4,4
3370,4,4
3371,4,4
3372,4,4
3373,4,4
3374,4,4
3375,4,4
3376,4,4
3377,4,4
3378,4,4
3379,4,4
3380,4,4
3381,4,4
3382,4,4
3383,4,4
3384,4,4
3385,4,4
3386,4,4
3387,4,4
3388,4,4
3389,4,4
3390,4,4
3391,4,4
3392,4,4
3393,4,4
3394,4,4
3395,4,4
3396,4,4
3397,4,4
3398,4,4
3399,4,4
3400,4,4
3401,4,4
3402,4,4
3403,4,4
3404,4,4
3405,4,4
3406,4,4
3407,4,4
3408,4,4
3409,4,4
3410,4,4
3411,4,4
3412,4,4
3413,4,4
3414,4,4
3415,4,4
3416,4,4
3417,4,4
3418,4,4
3419,4,4
3420,4,4
3421,4,4
3422,4,4
3423,4,4
3424,4,4
3425,4,4
3426,4,4
3427,4,4
3428,4,4
3429,4,4
3430,4,4
3431,4,4
3432,4,4
3433,4,4
3434,4,4
3435,4,4
3436,4,4
3437,4,4
3438,4,4
3439,4,4
3440,4,4
3441,4,4
3442,4,4
3443,4,4
3444,4,4
3445,4,4
3446,4,4
3447,4,4
3448,4,4
3449,4,4
3450,4,4
3451,4,4
3452,4,4
3453,4,4
3454,4,4
3455,4,4
3456,4,4
3457,4,4
3458,4,4
3459,4,4
3460,4,4
3461,4,4
3462,4,4
3463,4,4
3464,4,4
3465,4,4
3466,4,4
3467,4,4
3468,4,4
3469,4,4
3470,4,4
3471,4,4
3472,4,4
3473,4,4
3474,4,4
3475,4,4
3476,4,4
3477,4,4
3478,4,4
3479,4,4
3480,4,4
3481,4,4
3482,4,4
3483,4,4
3484,4,4
3485,4,4
3486,4,4
3487,4,4
3488,4,4
3489,4,4
3490,4,4
3491,4,4
3492,4,4
3493,4,4
3494,4,4
3495,4,4
3496,4,4
3497,4,4
3498,4,4
3499,4,4
3500,4,4
3501,4,4
3502,4,4
3503,4,4
3504,4,4
3505,4,4
3506,4,4
3507,4,4
3508,4,4
3509,4,4
3510,4,4
3511,4,4
3512,4,4
3513,4,4
3514,4,4
3515,4,4
3516,4,4
3517,4,4
3518,4,4
3519,4,4
3520,4,4
3521,4,4
3522,4,4
3523,4,4
3524,4,4
3525,4,4
3526,4,4
3527,4,4
3528,4,4
3529,4,4
3530,4,4
3531,4,4
3532,4,4
3533,4,4
3534,4,4
3535,4,4
3536,4,4
3537,4,4
3538,4,4
3539,4,4
3540,4,4
3541,4,4
3542,4,4
3543,4,4
3544,4,4
3545,4,4
3546,4,4
3547,4,4
3548,4,4
3549,4,4
3550,4,4
3551,4,4
3552,4,4
3553,4,4
3554,4,4
3555,4,4
3556,4,4
3557,4,4
3558,4,4
3559,4,4
3560,4,4
3561,4,4
3562,4,4
3563,4,4
3564,4,4
3565,4,4
3566,4,4
3567,4,4
3568,4,4
3569,4,4
3570,4,4
3571,4,4
3572,4,4
3573,4,4
3574,4,4
3575,4,4
3576,4,4
3577,4,4
3578,4,4
3579,4,4
3580,4,4
3581,4,4
3582,4,4
3583,4,4
3584,4,4
3585,4,4
3586,4,4
3587,4,4
3588,4,4
3589,4,4
3590,4,4
3591,4,4
3592,4,4
3593,4,4
3594,4,4
3595,4,4
3596,4,4
3597,4,4
3598,4,4
3599,4,4
3600,4,4
3601,4,4
3602,4,4
3603,4,4
3604,4,4
3605,4,4
3606,4,4
3607,4,4
3608,4,4
3609,4,4
3610,4,4
3611,4,4
3612,4,4
3613,4,4
3614,4,4
3615,4,4
3616,4,4
3617,4,4
3618,4,4
3619,4,4
3620,4,4
3621,4,4
3622,4,4
3623,4,4
3624,4,4
3625,4,4
3626,4,4
3627,4,4
3628,4,4
3629,4,4
3630,4,4
3631,4,4
3632,4,4
3633,4,4
3634,4,4
3635,4,4
3636,4,4
3637,4,4
3638,4,4
3639,4,4
3640,4,4
3641,4,4
3642,4,4
3643,4,4
3644,4,4
3645,4,4
3646,4,4
3647,4,4
3648,4,4
3649,4,4
3650,4,4
3651,4,4
3652,4,4
3653,4,4
3654,4,4
3655,4,4
3656,4,4
3657,4,4
3658,4,4
3659,4,4
3660,4,4
3661,4,4
3662,4,4
3663,4,4
3664,4,4
3665,4,4
3666,4,4
3667,4,4
3668,4,4
3669,4,4
3670,4,4
3671,4,4
3672,4,4
3673,4,4
3674,4,4
3675,4,4
3676,4,4
3677,4,4
3678,4,4
3679,4,4
3680,4,4
3681,4,4
3682,4,4
3683,4,4
3684,4,4
3685,4,4
3686,4,4
3687,4,4
3688,4,4
3689,4,4
3690,4,4
3691,4,4
3692,4,4
3693,4,4
3694,4,4
3695,4,4
3696,3,3
3697,3,3
3698,3,3
3699,3,3
3700,3,3
3701,3,3
3702,3,3
3703,3,3
3704,3,3
3705,3,3
3706,3,3
3707,3,3
3708,3,3
3709,3,3
3710,3,3
3711,3,3
3712,3,3
3713,3,3
3714,3,3
3715,3,3
3716,3,3
3717,3,3
3718,3,3
3719,3,3
3720,3,3
3721,3,3
3722,3,3
3723,3,3
3724,3,3
3725,3,3
3726,3,3
3727,3,3
3728,3,3
3729,3,3
3730,3,3
3731,3,3
3732,3,3
3733,3,3
3734,3,3
3735,3,3
3736,3,3
3737,3,3
3738,3,3
3739,3,3
3740,3,3
3741,3,3
3742,3,3
3743,3,3
3744,3,3
3745,3,3
3746,3,3
3747,3,3
3748,3,3
3749,3,3
3750,3,3
3751,3,3
3752,3,3
3753,3,3
3754,3,3
3755,3,3
3756,3,3
3757,3,3
3758,3,3
3759,3,3
3760,3,3
3761,3,3
3762,3,3
3763,3,3
3764,3,3
3765,3,3
3766,3,3
3767,3,3
3768,3,3
3769,3,3
3770,3,3
3771,3,3
3772,3,3
3773,3,3
3774,3,3
3775,3,3
3776,3,3
3777,3,3
3778,3,3
3779,3,3
3780,3,3
3781,3,3
3782,3,3
3783,3,3
3784,3,3
3785,3,3
3786,3,3
3787,3,3
3788,3,3
3789,3,3
3790,3,3
3791,3,3
3792,3,3
3793,3,3
3794,3,3
3795,3,3
3796,3,3
3797,3,3
3798,3,3
3799,3,3
3800,3,3
3801,3,3
3802,3,3
3803,3,3
3804,3,3
3805,3,3
3806,3,3
3807,3,3
3808,3,3
3809,3,3
3810,3,3
3811,3,3
3812,3,3
3813,3,3
3814,3,3
3815,3,3
3816,3,3
3817,3,3
3818,3,3
3819,3,3
3820,3,3
3821,3,3
3822,3,3
3823,3,3
3824,3,3
3825,3,3
3826,3,3
3827,3,3
3828,3,3
3829,3,3
3830,3,3
3831,3,3
3832,3,3
3833,3,3
3834,3,3
3835,3,3
3836,3,3
3837,3,3
3838,3,3
3839,3,3
3840,3,3
3841,3,3
3842,3,3
3843,3,3
3844,3,3
3845,3,3
3846,3,3
3847,3,3
3848,3,3
3849,3,3
3850,3,3
3851,3,3
3852,3,3
3853,3,3
3854,3,3
3855,3,3
3856,3,3
3857,3,3
3858,3,3
3859,3,3
3860,3,3
3861,3,3
3862,3,3
3863,3,3
3864,3,3
3865,3,3
3866,3,3
3867,3,3
3868,3,3
3869,3,3
3870,3,3
3871,3,3
3872,3,3
3873,3,3
3874,3,3
3875,3,3
3876,3,3
3877,3,3
3878,3,3
3879,3,3
3880,3,3
3881,3,3
3882,3,3
3883,3,3
3884,3,3
3885,3,3
3886,3,3
3887,3,3
3888,3,3
3889,3,3
3890,3,3
3891,3,3
3892,3,3
3893,3,3
3894,3,3
3895,3,3
3896,3,3
3897,3,3
3898,3,3
3899,3,3
3900,3,3
3901,3,3
3902,3,3
3903,3,3
3904,3,3
3905,3,3
3906,3,3
3907,3,3
3908,3,3
3909,3,3
3910,3,3
3911,3,3
3912,3,3
3913,3,3
3914,3,3
3915,3,3
3916,3,3
3917,3,3
3918,3,3
3919,3,3
3920,3,3
3921,3,3
3922,3,3
3923,3,3
3924,3,3
3925,3,3
3926,3,3
3927,3,3
3928,3,3
3929,3,3
3930,3,3
3931,3,3
3932,3,3
3933,3,3
3934,3,3
3935,3,3
3936,3,3
3937,3,3
3938,3,3
3939,3,3
3940,3,3
3941,3,3
3942,3,3
3943,3,3
3944,3,3
3945,3,3
3946,3,3
3947,3,3
3948,3,3
3949,3,3
3950,3,3
3951,3,3
3952,3,3
3953,3,3
3954,3,3
3955,3,3
3956,3,3
3957,3,3
3958,3,3
3959,3,3
3960,3,3
3961,3,3
3962,3,3
3963,3,3
3964,3,3
3965,3,3
3966,3,3
3967,3,3
3968,3,3
3969,3,3
3970,3,3
3971,3,3
3972,3,3
3973,3,3
3974,3,3
3975,3,3
3976,3,3
3977,3,3
3978,3,3
3979,3,3
3980,3,3
3981,3,3
3982,3,3
3983,3,3
3984,3,3
3985,3,3
3986,3,3
3987,3,3
3988,3,3
3989,3,3
3990,3,3
3991,3,3
3992,3,3
3993,3,3
3994,3,3
3995,3,3
3996,3,3
3997,3,3
3998,3,3
3999,3,3
4000,3,3
4001,3,3
4002,3,3
4003,3,3
4004,3,3
4005,3,3
4006,3,3
4007,3,3
4008,3,3
4009,3,3
4010,3,3
4011,3,3
4012,3,3
4013,3,3
4014,3,3
4015,3,3
4016,3,3
4017,3,3
4018,3,3
4019,3,3
4020,3,3
4021,3,3
4022,3,3
4023,3,3
4024,3,3
4025,3,3
4026,3,3
4027,3,3
4028,3,3
4029,3,3
4030,3,3
4031,3,3
4032,3,3
4033,3,3
4034,3,3
4035,3,3
4036,3,3
4037,3,3
4038,3,3
4039,3,3
4040,3,3
4041,3,3
4042,3,3
4043,3,3
4044,3,3
4045,3,3
4046,3,3
4047,3,3
4048,3,3
4049,3,3
4050,3,3
4051,3,3
4052,3,3
4053,3,3
4054,3,3
4055,3,3
4056,3,3
4057,3,3
4058,3,3
4059,3,3
4060,3,3
4061,3,3
4062,3,3
4063,3,3
4064,3,3
4065,3,3
4066,3,3
4067,3,3
4068,3,3
4069,3,3
4070,3,3
4071,3,3
4072,3,3
4073,3,3
4074,3,3
4075,3,3
4076,3,3
4077,3,3
4078,3,3
4079,3,3
4080,3,3
4081,3,3
4082,3,3
4083,3,3
4084,3,3
4085,3,3
4086,3,3
4087,3,3
4088,3,3
4089,3,3
4090,3,3
4091,3,3
4092,3,3
4093,3,3
4094,3,3
4095,3,3
4096,3,3
4097,3,3
4098,3,3
4099,3,3
4100,3,3
4101,3,3
4102,3,3
4103,3,3
4104,3,3
4105,3,3
4106,3,3
4107,3,3
4108,3,3
4109,3,3
4110,3,3
4111,3,3
4112,3,3
4113,3,3
4114,3,3
4115,3,3
4116,3,3
4117,3,3
4118,3,3
4119,3,3
4120,3,3
4121,3,3
4122,3,3
4123,3,3
4124,3,3
4125,3,3
4126,3,3
4127,3,3
4128,3,3
4129,3,3
4130,3,3
4131,3,3
4132,3,3
4133,3,3
4134,3,3
4135,3,3
4136,3,3
4137,3,3
4138,3,3
4139,3,3
4140,3,3
4141,3,3
4142,3,3
4143,3,3
4144,4,4
4145,4,4
4146,4,4
4147,4,4
4148,4,4
4149,4,4
4150,4,4
4151,4,4
4152,4,4
4153,4,4
4154,4,4
4155,4,4
4156,4,4
4157,4,4
4158,4,4
4159,4,4
4160,4,4
4161,4,4
4162,4,4
4163,4,4
4164,4,4
4165,4,4
4166,4,4
4167,4,4
4168,4,4
4169,4,4
4170,4,4
4171,4,4
4172,4,4
4173,4,4
4174,4,4
4175,4,4
4176,4,4
4177,4,4
4178,4,4
4179,4,4
4180,4,4
4181,4,4
4182,4,4
4183,4,4
4184,4,4
4185,4,4
4186,4,4
4187,4,4
4188,4,4
4189,4,4
4190,4,4
4191,4,4
4192,4,4
4193,4,4
4194,4,4
4195,4,4
4196,4,4
4197,4,4
4198,4,4
4199,4,4
4200,4,4
4201,4,4
4202,4,4
4203,4,4
4204,4,4
4205,4,4
4206,4,4
4207,4,4
4208,4,4
4209,4,4
4210,4,4
4211,4,4
4212,4,4
4213,4,4
4214,4,4
4215,4,4
4216,4,4
4217,4,4
4218,4,4
4219,4,4
4220,4,4
4221,4,4
4222,4,4
4223,4,4
4224,4,4
4225,4,4
4226,4,4
4227,4,4
4228,4,4
4229,4,4
4230,4,4
4231,4,4
4232,4,4
4233,4,4
4234,4,4
4235,4,4
4236,4,4
4237,4,4
4238,4,4
4239,4,4
4240,4,4
4241,4,4
4242,4,4
4243,4,4
4244,4,4
4245,4,4
4246,4,4
4247,4,4
4248,4,4
4249,4,4
4250,4,4
4251,4,4
4252,4,4
4253,4,4
4254,4,4
4255,4,4
4256,4,4
4257,4,4
4258,4,4
4259,4,4
4260,4,4
4261,4,4
4262,4,4
4263,4,4
4264,4,4
4265,4,4
4266,4,4
4267,4,4
4268,4,4
4269,4,4
4270,4,4
4271,4,4
4272,4,4
4273,4,4
4274,4,4
4275,4,4
4276,4,4
4277,4,4
4278,4,4
4279,4,4
4280,4,4
4281,4,4
4282,4,4
4283,4,4
4284,4,4
4285,4,4
4286,4,4
4287,4,4
4288,4,4
4289,4,4
4290,4,4
4291,4,4
4292,4,4
4293,4,4
4294,4,4
4295,4,4
4296,4,4
4297,4,4
4298,4,4
4299,4,4
4300,4,4
4301,4,4
4302,4,4
4303,4,4
4304,4,4
4305,4,4
4306,4,4
4307,4,4
4308,4,4
4309,4,4
4310,4,4
4311,4,4
4312,4,4
4313,4,4
4314,4,4
4315,4,4
4316,4,4
4317,4,4
4318,4,4
4319,4,4
4320,4,4
4321,4,4
4322,4,4
4323,4,4
4324,4,4
4325,4,4
4326,4,4
4327,4,4
4328,4,4
4329,4,4
4330,4,4
4331,4,4
4332,4,4
4333,4,4
4334,4,4
4335,4,4
4336,4,4
4337,4,4
4338,4,4
4339,4,4
4340,4,4
4341,4,4
4342,4,4
4343,4,4
4344,4,4
4345,4,4
4346,4,4
4347,4,4
4348,4,4
4349,4,4
4350,4,4
4351,4,4
4352,4,4
4353,4,4
4354,4,4
4355,4,4
4356,4,4
4357,4,4
4358,4,4
4359,4,4
4360,4,4
4361,4,4
4362,4,4
4363,4,4
4364,4,4
4365,4,4
4366,4,4
4367,4,4
4368,4,4
4369,4,4
4370,4,4
4371,4,4
4372,4,4
4373,4,4
4374,4,4
4375,4,4
4376,4,4
4377,4,4
4378,4,4
4379,4,4
4380,4,4
4381,4,4
4382,4,4
4383,4,4
4384,4,4
4385,4,4
4386,4,4
4387,4,4
4388,4,4
4389,4,4
4390,4,4
4391,4,4
4392,4,4
4393,4,4
4394,4,4
4395,4,4
4396,4,4
4397,4,4
4398,4,4
4399,4,4
4400,4,4
4401,4,4
4402,4,4
4403,4,4
4404,4,4
4405,4,4
4406,4,4
4407,4,4
4408,4,4
4409,4,4
4410,4,4
4411,4,4
4412,4,4
4413,4,4
4414,4,4
4415,4,4
4416,4,4
4417,4,4
4418,4,4
4419,4,4
4420,4,4
4421,4,4
4422,4,4
4423,4,4
4424,4,4
4425,4,4
4426,4,4
4427,4,4
4428,4,4
4429,4,4
4430,4,4
4431,4,4
4432,4,4
4433,4,4
4434,4,4
4435,4,4
4436,4,4
4437,4,4
4438,4,4
4439,4,4
4440,4,4
4441,4,4
4442,4,4
4443,4,4
4444,4,4
4445,4,4
4446,4,4
4447,4,4
4448,4,4
4449,4,4
4450,4,4
4451,4,4
4452,4,4
4453,4,4
4454,4,4
4455,4,4
4456,4,4
4457,4,4
4458,4,4
4459,4,4
4460,4,4
4461,4,4
4462,4,4
4463,4,4
4464,4,4
4465,4,4
4466,4,4
4467,4,4
4468,4,4
4469,4,4
4470,4,4
4471,4,4
4472,4,4
4473,4,4
4474,4,4
4475,4,4
4476,4,4
4477,4,4
4478,4,4
4479,4,4
4480,4,4
4481,4,4
4482,4,4
4483,4,4
4484,4,4
4485,4,4
4486,4,4
4487,4,4
4488,4,4
4489,4,4
4490,4,4
4491,4,4
4492,4,4
4493,4,4
4494,4,4
4495,4,4
4496,4,4
4497,4,4
4498,4,4
4499,4,4
4500,4,4
4501,4,4
4502,4,4
4503,4,4
4504,4,4
4505,4,4
4506,4,4
4507,4,4
4508,4,4
4509,4,4
4510,4,4
4511,4,4
4512,4,4
4513,4,4
4514,4,4
4515,4,4
4516,4,4
4517,4,4
4518,4,4
4519,4,4
4520,4,4
4521,4,4
4522,4,4
4523,4,4
4524,4,4
4525,4,4
4526,4,4
4527,4,4
4528,4,4
4529,4,4
4530,4,4
4531,4,4
4532,4,4
4533,4,4
4534,4,4
4535,4,4
4536,4,4
4537,4,4
4538,4,4
4539,4,4
4540,4,4
4541,4,4
4542,4,4
4543,4,4
4544,4,4
4545,4,4
4546,4,4
4547,4,4
4548,4,4
4549,4,4
4550,4,4
4551,4,4
4552,4,4
4553,4,4
4554,4,4
4555,4,4
4556,4,4
4557,4,4
4558,4,4
4559,4,4
4560,4,4
4561,4,4
4562,4,4
4563,4,4
4564,4,4
4565,4,4
4566,4,4
4567,4,4
4568,4,4
4569,4,4
4570,4,4
4571,4,4
4572,4,4
4573,4,4
4574,4,4
4575,4,4
4576,4,4
4577,4,4
4578,4,4
4579,4,4
4580,4,4
4581,4,4
4582,4,4
4583,4,4
4584,4,4
4585,4,4
4586,4,4
4587,4,4
4588,4,4
4589,4,4
4590,4,4
4591,4,4
4592,3,3
4593,3,3
4594,3,3
4595,3,3
4596,3,3
4597,3,3
4598,3,3
4599,3,3
4600,3,3
4601,3,3
4602,3,3
4603,3,3
4604,3,3
4605,3,3
4606,3,3
4607,3,3
4608,3,3
4609,3,3
4610,3,3
4611,3,3
4612,3,3
4613,3,3
4614,3,3
4615,3,3
4616,3,3
4617,3,3
4618,3,3
4619,3,3
4620,3,3
4621,3,3
4622,3,3
4623,3,3
4624,3,3
4625,3,3
4626,3,3
4627,3,3
4628,3,3
4629,3,3
4630,3,3
4631,3,3
4632,3,3
4633,3,3
4634,3,3
4635,3,3
4636,3,3
4637,3,3
4638,3,3
4639,3,3
4640,3,3
4641,3,3
4642,3,3
4643,3,3
4644,3,3
4645,3,3
4646,3,3
4647,3,3
4648,3,3
4649,3,3
4650,3,3
4651,3,3
4652,3,3
4653,3,3
4654,3,3
4655,3,3
4656,3,3
4657,3,3
4658,3,3
4659,3,3
4660,3,3
4661,3,3
4662,3,3
4663,3,3
4664,3,3
4665,3,3
4666,3,3
4667,3,3
4668,3,3
4669,3,3
4670,3,3
4671,3,3
4672,3,3
4673,3,3
4674,3,3
4675,3,3
4676,3,3
4677,3,3
4678,3,3
4679,3,3
4680,3,3
4681,3,3
4682,3,3
4683,3,3
4684,3,3
4685,3,3
4686,3,3
4687,3,3
4688,3,3
4689,3,3
4690,3,3
4691,3,3
4692,3,3
4693,3,3
4694,3,3
4695,3,3
4696,3,3
4697,3,3
4698,3,3
4699,3,3
4700,3,3
4701,3,3
4702,3,3
4703,3,3
4704,3,3
4705,3,3
4706,3,3
4707,3,3
4708,3,3
4709,3,3
4710,3,3
4711,3,3
4712,3,3
4713,3,3
4714,3,3
4715,3,3
4716,3,3
4717,3,3
4718,3,3
4719,3,3
4720,3,3
4721,3,3
4722,3,3
4723,3,3
4724,3,3
4725,3,3
4726,3,3
4727,3,3
4728,3,3
4729,3,3
4730,3,3
4731,3,3
4732,3,3
4733,3,3
4734,3,3
4735,3,3
4736,3,3
4737,3,3
4738,3,3
4739,3,3
4740,3,3
4741,3,3
4742,3,3
4743,3,3
4744,3,3
4745,3,3
4746,3,3
4747,3,3
4748,3,3
4749,3,3
4750,3,3
4751,3,3
4752,3,3
4753,3,3
4754,3,3
4755,3,3
4756,3,3
4757,3,3
4758,3,3
4759,3,3
4760,3,3
4761,3,3
4762,3,3
4763,3,3
4764,3,3
4765,3,3
4766,3,3
4767,3,3
4768,3,3
4769,3,3
4770,3,3
4771,3,3
4772,3,3
4773,3,3
4774,3,3
4775,3,3
4776,3,3
4777,3,3
4778,3,3
4779,3,3
4780,3,3
4781,3,3
4782,3,3
4783,3,3
4784,3,3
4785,3,3
4786,3,3
4787,3,3
4788,3,3
4789,3,3
4790,3,3
4791,3,3
4792,3,3
4793,3,3
4794,3,3
4795,3,3
4796,3,3
4797,3,3
4798,3,3
4799,3,3
4800,3,3
4801,3,3
4802,3,3
4803,3,3
4804,3,3
4805,3,3
4806,3,3
4807,3,3
4808,3,3
4809,3,3
4810,3,3
4811,3,3
4812,3,3
4813,3,3
4814,3,3
4815,3,3
4816,3,3
4817,3,3
4818,3,3
4819,3,3
4820,3,3
4821,3,3
4822,3,3
4823,3,3
4824,3,3
4825,3,3
4826,3,3
4827,3,3
4828,3,3
4829,3,3
4830,3,3
4831,3,3
4832,3,3
4833,3,3
4834,3,3
4835,3,3
4836,3,3
4837,3,3
4838,3,3
4839,3,3
4840,3,3
4841,3,3
4842,3,3
4843,3,3
4844,3,3
4845,3,3
4846,3,3
4847,3,3
4848,3,3
4849,3,3
4850,3,3
4851,3,3
4852,3,3
4853,3,3
4854,3,3
4855,3,3
4856,3,3
4857,3,3
4858,3,3
4859,3,3
4860,3,3
4861,3,3
4862,3,3
4863,3,3
4864,3,3
4865,3,3
4866,3,3
4867,3,3
4868,3,3
4869,3,3
4870,3,3
4871,3,3
4872,3,3
4873,3,3
4874,3,3
4875,3,3
4876,3,3
4877,3,3
4878,3,3
4879,3,3
4880,3,3
4881,3,3
4882,3,3
4883,3,3
4884,3,3
4885,3,3
4886,3,3
4887,3,3
4888,3,3
4889,3,3
4890,3,3
4891,3,3
4892,3,3
4893,3,3
4894,3,3
4895,3,3
4896,3,3
4897,3,3
4898,3,3
4899,3,3
4900,3,3
4901,3,3
4902,3,3
4903,3,3
4904,3,3
4905,3,3
4906,3,3
4907,3,3
4908,3,3
4909,3,3
4910,3,3
4911,3,3
4912,3,3
4913,3,3
4914,3,3
4915,3,3
4916,3,3
4917,3,3
4918,3,3
4919,3,3
4920,3,3
4921,3,3
4922,3,3
4923,3,3
4924,3,3
4925,3,3
4926,3,3
4927,3,3
4928,3,3
4929,3,3
4930,3,3
4931,3,3
4932,3,3
4933,3,3
4934,3,3
4935,3,3
4936,3,3
4937,3,3
4938,3,3
4939,3,3
4940,3,3
4941,3,3
4942,3,3
4943,3,3
4944,3,3
4945,3,3
4946,3,3
4947,3,3
4948,3,3
4949,3,3
4950,3,3
4951,3,3
4952,3,3
4953,3,3
4954,3,3
4955,3,3
4956,3,3
4957,3,3
4958,3,3
4959,3,3
4960,3,3
4961,3,3
4962,3,3
4963,3,3
4964,3,3
4965,3,3
4966,3,3
4967,3,3
4968,3,3
4969,3,3
4970,3,3
4971,3,3
4972,3,3
4973,3,3
4974,3,3
4975,3,3
4976,3,3
4977,3,3
4978,3,3
4979,3,3
4980,3,3
4981,3,3
4982,3,3
4983,3,3
4984,3,3
4985,3,3
4986,3,3
4987,3,3
4988,3,3
4989,3,3
4990,3,3
4991,3,3
4992,3,3
4993,3,3
4994,3,3
4995,3,3
4996,3,3
4997,3,3
4998,3,3
4999,3,3
5000,3,3
5001,3,3
5002,3,3
5003,3,3
5004,3,3
5005,3,3
5006,3,3
5007,3,3
5008,3,3
5009,3,3
5010,3,3
5011,3,3
5012,3,3
5013,3,3
5014,3,3
5015,3,3
5016,3,3
5017,3,3
5018,3,3
5019,3,3
5020,3,3
5021,3,3
5022,3,3
5023,3,3
5024,3,3
5025,3,3
5026,3,3
5027,3,3
5028,3,3
5029,3,3
5030,3,3
5031,3,3
5032,3,3
5033,3,3
5034,3,3
5035,3,3
5036,3,3
5037,3,3
5038,3,3
5039,3,3
5040,2,2
5041,2,2
5042,2,2
5043,2,2
5044,2,2
5045,2,2
5046,2,2
5047,2,2
5048,2,2
5049,2,2
5050,2,2
5051,2,2
5052,2,2
5053,2,2
5054,2,2
5055,2,2
5056,2,2
5057,2,2
5058,2,2
5059,2,2
5060,2,2
5061,2,2
5062,2,2
5063,2,2
5064,2,2
5065,2,2
5066,2,2
5067,2,2
5068,2,2
5069,2,2
5070,2,2
5071,2,2
5072,2,2
5073,2,2
5074,2,2
5075,2,2
5076,2,2
5077,2,2
5078,2,2
5079,2,2
5080,2,2
5081,2,2
5082,2,2
5083,2,2
5084,2,2
5085,2,2
5086,2,2
5087,2,2
5088,2,2
5089,2,2
5090,2,2
5091,2,2
5092,2,2
5093,2,2
5094,2,2
5095,2,2
5096,2,2
5097,2,2
5098,2,2
5099,2,2
5100,2,2
5101,2,2
5102,2,2
5103,2,2
5104,2,2
5105,2,2
5106,2,2
5107,2,2
5108,2,2
5109,2,2
5110,2,2
5111,2,2
5112,2,2
5113,2,2
5114,2,2
5115,2,2
5116,2,2
5117,2,2
5118,2,2
5119,2,2
5120,2,2
5121,2,2
5122,2,2
5123,2,2
5124,2,2
5125,2,2
5126,2,2
5127,2,2
5128,2,2
5129,2,2
5130,2,2
5131,2,2
5132,2,2
5133,2,2
5134,2,2
5135,2,2
5136,2,2
5137,2,2
5138,2,2
5139,2,2
5140,2,2
5141,2,2
5142,2,2
5143,2,2
5144,2,2
5145,2,2
5146,2,2
5147,2,2
5148,2,2
5149,2,2
5150,2,2
5151,2,2
5152,2,2
5153,2,2
5154,2,2
5155,2,2
5156,2,2
5157,2,2
5158,2,2
5159,2,2
5160,2,2
5161,2,2
5162,2,2
5163,2,2
5164,2,2
5165,2,2
5166,2,2
5167,2,2
5168,2,2
5169,2,2
5170,2,2
5171,2,2
5172,2,2
5173,2,2
5174,2,2
5175,2,2
5176,2,2
5177,2,2
5178,2,2
5179,2,2
5180,2,2
5181,2,2
5182,2,2
5183,2,2
5184,2,2
5185,2,2
5186,2,2
5187,2,2
5188,2,2
5189,2,2
5190,2,2
5191,2,2
5192,2,2
5193,2,2
5194,2,2
5195,2,2
5196,2,2
5197,2,2
5198,2,2
5199,2,2
5200,2,2
5201,2,2
5202,2,2
5203,2,2
5204,2,2
5205,2,2
5206,2,2
5207,2,2
5208,2,2
5209,2,2
5210,2,2
5211,2,2
5212,2,2
5213,2,2
5214,2,2
5215,2,2
5216,2,2
5217,2,2
5218,2,2
5219,2,2
5220,2,2
5221,2,2
5222,2,2
5223,2,2
5224,2,2
5225,2,2
5226,2,2
5227,2,2
5228,2,2
5229,2,2
5230,2,2
5231,2,2
5232,2,2
5233,2,2
5234,2,2
5235,2,2
5236,2,2
5237,2,2
5238,2,2
5239,2,2
5240,2,2
5241,2,2
5242,2,2
5243,2,2
5244,2,2
5245,2,2
5246,2,2
5247,2,2
5248,2,2
5249,2,2
5250,2,2
5251,2,2
5252,2,2
5253,2,2
5254,2,2
5255,2,2
5256,2,2
5257,2,2
5258,2,2
5259,2,2
5260,2,2
5261,2,2
5262,2,2
5263,2,2
5264,2,2
5265,2,2
5266,2,2
5267,2,2
5268,2,2
5269,2,2
5270,2,2
5271,2,2
5272,2,2
5273,2,2
5274,2,2
5275,2,2
5276,2,2
5277,2,2
5278,2,2
5279,2,2
5280,2,2
5281,2,2
5282,2,2
5283,2,2
5284,2,2
5285,2,2
5286,2,2
5287,2,2
5288,2,2
5289,2,2
5290,2,2
5291,2,2
5292,2,2
5293,2,2
5294,2,2
5295,2,2
5296,2,2
5297,2,2
5298,2,2
5299,2,2
5300,2,2
5301,2,2
5302,2,2
5303,2,2
5304,2,2
5305,2,2
5306,2,2
5307,2,2
5308,2,2
5309,2,2
5310,2,2
5311,2,2
5312,2,2
5313,2,2
5314,2,2
5315,2,2
5316,2,2
5317,2,2
5318,2,2
5319,2,2
5320,2,2
5321,2,2
5322,2,2
5323,2,2
5324,2,2
5325,2,2
5326,2,2
5327,2,2
5328,2,2
5329,2,2
5330,2,2
5331,2,2
5332,2,2
5333,2,2
5334,2,2
5335,2,2
5336,2,2
5337,2,2
5338,2,2
5339,2,2
5340,2,2
5341,2,2
5342,2,2
5343,2,2
5344,2,2
5345,2,2
5346,2,2
5347,2,2
5348,2,2
5349,2,2
5350,2,2
5351,2,2
5352,2,2
5353,2,2
5354,2,2
5355,2,2
5356,2,2
5357,2,2
5358,2,2
5359,2,2
5360,2,2
5361,2,2
5362,2,2
5363,2,2
5364,2,2
5365,2,2
5366,2,2
5367,2,2
5368,2,2
5369,2,2
5370,2,2
5371,2,2
5372,2,2
5373,2,2
5374,2,2
5375,2,2
5376,2,2
5377,2,2
5378,2,2
5379,2,2
5380,2,2
5381,2,2
5382,2,2
5383,2,2
5384,2,2
5385,2,2
5386,2,2
5387,2,2
5388,2,2
5389,2,2
5390,2,2
5391,2,2
5392,2,2
5393,2,2
5394,2,2
5395,2,2
5396,2,2
5397,2,2
5398,2,2
5399,2,2
5400,2,2
5401,2,2
5402,2,2
5403,2,2
5404,2,2
5405,2,2
5406,2,2
5407,2,2
5408,2,2
5409,2,2
5410,2,2
5411,2,2
5412,2,2
5413,2,2
5414,2,2
5415,2,2
5416,2,2
5417,2,2
5418,2,2
5419,2,2
5420,2,2
5421,2,2
5422,2,2
5423,2,2
5424,2,2
5425,2,2
5426,2,2
5427,2,2
5428,2,2
5429,2,2
5430,2,2
5431,2,2
5432,2,2
5433,2,2
5434,2,2
5435,2,2
5436,2,2
5437,2,2
5438,2,2
5439,2,2
5440,2,2
5441,2,2
5442,2,2
5443,2,2
5444,2,2
5445,2,2
5446,2,2
5447,2,2
5448,2,2
5449,2,2
5450,2,2
5451,2,2
5452,2,2
5453,2,2
5454,2,2
5455,2,2
5456,2,2
5457,2,2
5458,2,2
5459,2,2
5460,2,2
5461,2,2
5462,2,2
5463,2,2
5464,2,2
5465,2,2
5466,2,2
5467,2,2
5468,2,2
5469,2,2
5470,2,2
5471,2,2
5472,2,2
5473,2,2
5474,2,2
5475,2,2
5476,2,2
5477,2,2
5478,2,2
5479,2,2
5480,2,2
5481,2,2
5482,2,2
5483,2,2
5484,2,2
5485,2,2
5486,2,2
5487,2,2
5488,1,1
5489,1,1
5490,1,1
5491,1,1
5492,1,1
5493,1,1
5494,1,1
5495,1,1
5496,1,1
5497,1,1
5498,1,1
5499,1,1
5500,1,1
5501,1,1
5502,1,1
5503,1,1
5504,1,1
5505,1,1
5506,1,1
5507,1,1
5508,1,1
5509,1,1
5510,1,1
5511,1,1
5512,1,1
5513,1,1
5514,1,1
5515,1,1
5516,1,1
5517,1,1
5518,1,1
5519,1,1
5520,1,1
5521,1,1
5522,1,1
5523,1,1
5524,1,1
5525,1,1
5526,1,1
5527,1,1
5528,1,1
5529,1,1
5530,1,1
5531,1,1
5532,1,1
5533,1,1
5534,1,1
5535,1,1
5536,1,1
5537,1,1
5538,1,1
5539,1,1
5540,1,1
5541,1,1
5542,1,1
5543,1,1
5544,1,1
5545,1,1
5546,1,1
5547,1,1
5548,1,1
5549,1,1
5550,1,1
5551,1,1
5552,1,1
5553,1,1
5554,1,1
5555,1,1
5556,1,1
5557,1,1
5558,1,1
5559,1,1
5560,1,1
5561,1,1
5562,1,1
5563,1,1
5564,1,1
5565,1,1
5566,1,1
5567,1,1
5568,1,1
5569,1,1
5570,1,1
5571,1,1
5572,1,1
5573,1,1
5574,1,1
5575,1,1
5576,1,1
5577,1,1
5578,1,1
5579,1,1
5580,1,1
5581,1,1
5582,1,1
5583,1,1
5584,1,1
5585,1,1
5586,1,1
5587,1,1
5588,1,1
5589,1,1
5590,1,1
5591,1,1
5592,1,1
5593,1,1
5594,1,1
5595,1,1
5596,1,1
5597,1,1
5598,1,1
5599,1,1
5600,1,1
5601,1,1
5602,1,1
5603,1,1
5604,1,1
5605,1,1
5606,1,1
5607,1,1
5608,1,1
5609,1,1
5610,1,1
5611,1,1
5612,1,1
5613,1,1
5614,1,1
5615,1,1
5616,1,1
5617,1,1
5618,1,1
5619,1,1
5620,1,1
5621,1,1
5622,1,1
5623,1,1
5624,1,1
5625,1,1
5626,1,1
5627,1,1
5628,1,1
5629,1,1
5630,1,1
5631,1,1
5632,1,1
5633,1,1
5634,1,1
5635,1,1
5636,1,1
5637,1,1
5638,1,1
5639,1,1
5640,1,1
5641,1,1
5642,1,1
5643,1,1
5644,1,1
5645,1,1
5646,1,1
5647,1,1
5648,1,1
5649,1,1
5650,1,1
5651,1,1
5652,1,1
5653,1,1
5654,1,1
5655,1,1
5656,1,1
5657,1,1
5658,1,1
5659,1,1
5660,1,1
5661,1,1
5662,1,1
5663,1,1
5664,1,1
5665,1,1
5666,1,1
5667,1,1
5668,1,1
5669,1,1
5670,1,1
5671,1,1
5672,1,1
5673,1,1
5674,1,1
5675,1,1
5676,1,1
5677,1,1
5678,1,1
5679,1,1
5680,1,1
5681,1,1
5682,1,1
5683,1,1
5684,1,1
5685,1,1
5686,1,1
5687,1,1
5688,1,1
5689,1,1
5690,1,1
5691,1,1
5692,1,1
5693,1,1
5694,1,1
5695,1,1
5696,1,1
5697,1,1
5698,1,1
5699,1,1
5700,1,1
5701,1,1
5702,1,1
5703,1,1
5704,1,1
5705,1,1
5706,1,1
5707,1,1
5708,1,1
5709,1,1
5710,1,1
5711,1,1
5712,1,1
5713,1,1
5714,1,1
5715,1,1
5716,1,1
5717,1,1
5718,1,1
5719,1,1
5720,1,1
5721,1,1
5722,1,1
5723,1,1
5724,1,1
5725,1,1
5726,1,1
5727,1,1
5728,1,1
5729,1,1
5730,1,1
5731,1,1
5732,1,1
5733,1,1
5734,1,1
5735,1,1
5736,1,1
5737,1,1
5738,1,1
5739,1,1
5740,1,1
5741,1,1
5742,1,1
5743,1,1
5744,1,1
5745,1,1
5746,1,1
5747,1,1
5748,1,1
5749,1,1
5750,1,1
5751,1,1
5752,1,1
5753,1,1
5754,1,1
5755,1,1
5756,1,1
5757,1,1
5758,1,1
5759,1,1
5760,1,1
5761,1,1
5762,1,1
5763,1,1
5764,1,1
5765,1,1
5766,1,1
5767,1,1
5768,1,1
5769,1,1
5770,1,1
5771,1,1
5772,1,1
5773,1,1
5774,1,1
5775,1,1
5776,1,1
5777,1,1
5778,1,1
5779,1,1
5780,1,1
5781,1,1
5782,1,1
5783,1,1
5784,1,1
5785,1,1
5786,1,1
5787,1,1
5788,1,1
5789,1,1
5790,1,1
5791,1,1
5792,1,1
5793,1,1
5794,1,1
5795,1,1
5796,1,1
5797,1,1
5798,1,1
5799,1,1
5800,1,1
5801,1,1
5802,1,1
5803,1,1
5804,1,1
5805,1,1
5806,1,1
5807,1,1
5808,1,1
5809,1,1
5810,1,1
5811,1,1
5812,1,1
5813,1,1
5814,1,1
5815,1,1
5816,1,1
5817,1,1
5818,1,1
5819,1,1
5820,1,1
5821,1,1
5822,1,1
5823,1,1
5824,1,1
5825,1,1
5826,1,1
5827,1,1
5828,1,1
5829,1,1
5830,1,1
5831,1,1
5832,1,1
5833,1,1
5834,1,1
5835,1,1
5836,1,1
5837,1,1
5838,1,1
5839,1,1
5840,1,1
5841,1,1
5842,1,1
5843,1,1
5844,1,1
5845,1,1
5846,1,1
5847,1,1
5848,1,1
5849,1,1
5850,1,1
5851,1,1
5852,1,1
5853,1,1
5854,1,1
5855,1,1
5856,1,1
5857,1,1
5858,1,1
5859,1,1
5860,1,1
5861,1,1
5862,1,1
5863,1,1
5864,1,1
5865,1,1
5866,1,1
5867,1,1
5868,1,1
5869,1,1
5870,1,1
5871,1,1
5872,1,1
5873,1,1
5874,1,1
5875,1,1
5876,1,1
5877,1,1
5878,1,1
5879,1,1
5880,1,1
5881,1,1
5882,1,1
5883,1,1
5884,1,1
5885,1,1
5886,1,1
5887,1,1
5888,1,1
5889,1,1
5890,1,1
5891,1,1
5892,1,1
5893,1,1
5894,1,1
5895,1,1
5896,1,1
5897,1,1
5898,1,1
5899,1,1
5900,1,1
5901,1,1
5902,1,1
5903,1,1
5904,1,1
5905,1,1
5906,1,1
5907,1,1
5908,1,1
5909,1,1
5910,1,1
5911,1,1
5912,1,1
5913,1,1
5914,1,1
5915,1,1
5916,1,1
5917,1,1
5918,1,1
5919,1,1
5920,1,1
5921,1,1
5922,1,1
5923,1,1
5924,1,1
5925,1,1
5926,1,1
5927,1,1
5928,1,1
5929,1,1
5930,1,1
5931,1,1
5932,1,1
5933,1,1
5934,1,1
5935,1,1
5936,filler,0
5937,filler,0
5938,filler,0
5939,filler,0
5940,filler,0
5941,filler,0
5942,filler,0
5943,filler,0
5944,filler,0
5945,filler,0
5946,filler,0
5947,filler,0
5948,filler,0
5949,filler,0
5950,filler,0
5951,filler,0
5952,filler,0
5953,filler,0
5954,filler,0
5955,filler,0
5956,filler,0
5957,filler,0
5958,filler,0
5959,filler,0
5960,filler,0
5961,filler,0
5962,filler,0
5963,filler,0
5964,filler,0
5965,filler,0
5966,filler,0
5967,filler,0
5968,filler,0
5969,filler,0
5970,filler,0
5971,filler,0
5972,filler,0
5973,filler,0
5974,filler,0
5975,filler,0
5976,filler,0
5977,filler,0
5978,filler,0
5979,filler,0
5980,filler,0
5981,filler,0
5982,filler,0
5983,filler,0
5984,filler,0
5985,filler,0
5986,filler,0
5987,filler,0
5988,filler,0
5989,filler,0
5990,filler,0
5991,filler,0
5992,filler,0
5993,filler,0
5994,filler,0
5995,filler,0
5996,filler,0
5997,filler,0
5998,filler,0
5999,filler,0
6000,filler,0
6001,filler,0
6002,filler,0
6003,filler,0
6004,filler,0
6005,filler,0
6006,filler,0
6007,filler,0
6008,filler,0
6009,filler,0
6010,filler,0
6011,filler,0
6012,filler,0
6013,filler,0
6014,filler,0
6015,filler,0
6016,filler,0
6017,filler,0
6018,filler,0
6019,filler,0
6020,filler,0
6021,filler,0
6022,filler,0
6023,filler,0
6024,filler,0
6025,filler,0
6026,filler,0
6027,filler,0
6028,filler,0
6029,filler,0
6030,filler,0
6031,filler,0
6032,filler,0
6033,filler,0
6034,filler,0
6035,filler,0
6036,filler,0
6037,filler,0
6038,filler,0
6039,filler,0
6040,filler,0
6041,filler,0
6042,filler,0
6043,filler,0
6044,filler,0
6045,filler,0
6046,filler,0
6047,filler,0
6048,filler,0
6049,filler,0
6050,filler,0
6051,filler,0
6052,filler,0
6053,filler,0
6054,filler,0
6055,filler,0
6056,filler,0
6057,filler,0
6058,filler,0
6059,filler,0
6060,filler,0
6061,filler,0
6062,filler,0
6063,filler,0
6064,filler,0
6065,filler,0
6066,filler,0
6067,filler,0
6068,filler,0
6069,filler,0
6070,filler,0
6071,filler,0
6072,filler,0
6073,filler,0
6074,filler,0
6075,filler,0
6076,filler,0
6077,filler,0
6078,filler,0
6079,filler,0
6080,filler,0
6081,filler,0
6082,filler,0
6083,filler,0
6084,filler,0
6085,filler,0
6086,filler,0
6087,filler,0
6088,filler,0
6089,filler,0
6090,filler,0
6091,filler,0
6092,filler,0
6093,filler,0
6094,filler,0
6095,filler,0
6096,filler,0
6097,filler,0
6098,filler,0
6099,filler,0
6100,filler,0
6101,filler,0
6102,filler,0
6103,filler,0
6104,filler,0
6105,filler,0
6106,filler,0
6107,filler,0
6108,filler,0
6109,filler,0
6110,filler,0
6111,filler,0
6112,filler,0
6113,filler,0
6114,filler,0
6115,filler,0
6116,filler,0
6117,filler,0
6118,filler,0
6119,filler,0
6120,filler,0
6121,filler,0
6122,filler,0
6123,filler,0
6124,filler,0
6125,filler,0
6126,filler,0
6127,filler,0
6128,filler,0
6129,filler,0
6130,filler,0
6131,filler,0
6132,filler,0
6133,filler,0
6134,filler,0
6135,filler,0
6136,filler,0
6137,filler,0
6138,filler,0
6139,filler,0
6140,filler,0
6141,filler,0
6142,filler,0
6143,filler,0
6144,filler,0
6145,filler,0
6146,filler,0
6147,filler,0
6148,filler,0
6149,filler,0
6150,filler,0
6151,filler,0
6152,filler,0
6153,filler,0
6154,filler,0
6155,filler,0
6156,filler,0
6157,filler,0
6158,filler,0
6159,filler,0
6160,filler,0
6161,filler,0
6162,filler,0
6163,filler,0
6164,filler,0
6165,filler,0
6166,filler,0
6167,filler,0
6168,filler,0
6169,filler,0
6170,filler,0
6171,filler,0
6172,filler,0
6173,filler,0
6174,filler,0
6175,filler,0
6176,filler,0
6177,filler,0
6178,filler,0
6179,filler,0
6180,filler,0
6181,filler,0
6182,filler,0
6183,filler,0
6184,filler,0
6185,filler,0
6186,filler,0
6187,filler,0
6188,filler,0
6189,filler,0
6190,filler,0
6191,filler,0
6192,filler,0
6193,filler,0
6194,filler,0
6195,filler,0
6196,filler,0
6197,filler,0
6198,filler,0
6199,filler,0
6200,filler,0
6201,filler,0
6202,filler,0
6203,filler,0
6204,filler,0
6205,filler,0
6206,filler,0
6207,filler,0
6208,filler,0
6209,filler,0
6210,filler,0
6211,filler,0
6212,filler,0
6213,filler,0
6214,filler,0
6215,filler,0
6216,filler,0
6217,filler,0
6218,filler,0
6219,filler,0
6220,filler,0
6221,filler,0
6222,filler,0
6223,filler,0
6224,filler,0
6225,filler,0
6226,filler,0
6227,filler,0
6228,filler,0
6229,filler,0
6230,filler,0
6231,filler,0
6232,filler,0
6233,filler,0
6234,filler,0
6235,filler,0
6236,filler,0
6237,filler,0
6238,filler,0
6239,filler,0
6240,filler,0
6241,filler,0
6242,filler,0
6243,filler,0
6244,filler,0
6245,filler,0
6246,filler,0
6247,filler,0
6248,filler,0
6249,filler,0
6250,filler,0
6251,filler,0
6252,filler,0
6253,filler,0
6254,filler,0
6255,filler,0
6256,filler,0
6257,filler,0
6258,filler,0
6259,filler,0
6260,filler,0
6261,filler,0
6262,filler,0
6263,filler,0
6264,filler,0
6265,filler,0
6266,filler,0
6267,filler,0
6268,filler,0
6269,filler,0
6270,filler,0
6271,filler,0
6272,filler,0
6273,filler,0
6274,filler,0
6275,filler,0
6276,filler,0
6277,filler,0
6278,filler,0
6279,filler,0
6280,filler,0
6281,filler,0
6282,filler,0
6283,filler,0
6284,filler,0
6285,filler,0
6286,filler,0
6287,filler,0
6288,filler,0
6289,filler,0
6290,filler,0
6291,filler,0
6292,filler,0
6293,filler,0
6294,filler,0
6295,filler,0
6296,filler,0
6297,filler,0
6298,filler,0
6299,filler,0
6300,filler,0
6301,filler,0
6302,filler,0
6303,filler,0
6304,filler,0
6305,filler,0
6306,filler,0
6307,filler,0
6308,filler,0
6309,filler,0
6310,filler,0
6311,filler,0
6312,filler,0
6313,filler,0
6314,filler,0
6315,filler,0
6316,filler,0
6317,filler,0
6318,filler,0
6319,filler,0
6320,filler,0
6321,filler,0
6322,filler,0
6323,filler,0
6324,filler,0
6325,filler,0
6326,filler,0
6327,filler,0
6328,filler,0
6329,filler,0
6330,filler,0
6331,filler,0
6332,filler,0
6333,filler,0
6334,filler,0
6335,filler,0
6336,filler,0
6337,filler,0
6338,filler,0
6339,filler,0
6340,filler,0
6341,filler,0
6342,filler,0
6343,filler,0
6344,filler,0
6345,filler,0
6346,filler,0
6347,filler,0
6348,filler,0
6349,filler,0
6350,filler,0
6351,filler,0
6352,filler,0
6353,filler,0
6354,filler,0
6355,filler,0
6356,filler,0
6357,filler,0
6358,filler,0
6359,filler,0
6360,filler,0
6361,filler,0
6362,filler,0
6363,filler,0
6364,filler,0
6365,filler,0
6366,filler,0
6367,filler,0
6368,filler,0
6369,filler,0
6370,filler,0
6371,filler,0
6372,filler,0
6373,filler,0
6374,filler,0
6375,filler,0
6376,filler,0
6377,filler,0
6378,filler,0
6379,filler,0
6380,filler,0
6381,filler,0
6382,filler,0
6383,filler,0
6384,filler,0
6385,filler,0
6386,filler,0
6387,filler,0
6388,filler,0
6389,filler,0
6390,filler,0
6391,filler,0
6392,filler,0
6393,filler,0
6394,filler,0
6395,filler,0
6396,filler,0
6397,filler,0
6398,filler,0
6399,filler,0
6400,filler,0
6401,filler,0
6402,filler,0
6403,filler,0
6404,filler,0
6405,filler,0
6406,filler,0
6407,filler,0
6408,filler,0
6409,filler,0
6410,filler,0
6411,filler,0
6412,filler,0
6413,filler,0
6414,filler,0
6415,filler,0
6416,filler,0
6417,filler,0
6418,filler,0
6419,filler,0
6420,filler,0
6421,filler,0
6422,filler,0
6423,filler,0
6424,filler,0
6425,filler,0
6426,filler,0
6427,filler,0
6428,filler,0
6429,filler,0
6430,filler,0
6431,filler,0
6432,filler,0
6433,filler,0
6434,filler,0
6435,filler,0
6436,filler,0
6437,filler,0
6438,filler,0
6439,filler,0
6440,filler,0
6441,filler,0
6442,filler,0
6443,filler,0
6444,filler,0
6445,filler,0
6446,filler,0
6447,filler,0
6448,filler,0
6449,filler,0
6450,filler,0
6451,filler,0
6452,filler,0
6453,filler,0
6454,filler,0
6455,filler,0
6456,filler,0
6457,filler,0
6458,filler,0
6459,filler,0
6460,filler,0
6461,filler,0
6462,filler,0
6463,filler,0
6464,filler,0
6465,filler,0
6466,filler,0
6467,filler,0
6468,filler,0
6469,filler,0
6470,filler,0
6471,filler,0
6472,filler,0
6473,filler,0
6474,filler,0
6475,filler,0
6476,filler,0
6477,filler,0
6478,filler,0
6479,filler,0
6480,filler,0
6481,filler,0
6482,filler,0
6483,filler,0
6484,filler,0
6485,filler,0
6486,filler,0
6487,filler,0
6488,filler,0
6489,filler,0
6490,filler,0
6491,filler,0
6492,filler,0
6493,filler,0
6494,filler,0
6495,filler,0
6496,filler,0
6497,filler,0
6498,filler,0
6499,filler,0
6500,filler,0
6501,filler,0
6502,filler,0
6503,filler,0
6504,filler,0
6505,filler,0
6506,filler,0
6507,filler,0
6508,filler,0
6509,filler,0
6510,filler,0
6511,filler,0
6512,filler,0
6513,filler,0
6514,filler,0
6515,filler,0
6516,filler,0
6517,filler,0
6518,filler,0
6519,filler,0
6520,filler,0
6521,filler,0
6522,filler,0
6523,filler,0
6524,filler,0
6525,filler,0
6526,filler,0
6527,filler,0
6528,filler,0
6529,filler,0
6530,filler,0
6531,filler,0
6532,filler,0
6533,filler,0
6534,filler,0
6535,filler,0
6536,filler,0
6537,filler,0
6538,filler,0
6539,filler,0
6540,filler,0
6541,filler,0
6542,filler,0
6543,filler,0
6544,filler,0
6545,filler,0
6546,filler,0
6547,filler,0
6548,filler,0
6549,filler,0
6550,filler,0
6551,filler,0
6552,filler,0
6553,filler,0
6554,filler,0
6555,filler,0
6556,filler,0
6557,filler,0
6558,filler,0
6559,filler,0
6560,filler,0
6561,filler,0
6562,filler,0
6563,filler,0
6564,filler,0
6565,filler,0
6566,filler,0
6567,filler,0
6568,filler,0
6569,filler,0
6570,filler,0
6571,filler,0
6572,filler,0
6573,filler,0
6574,filler,0
6575,filler,0
6576,filler,0
6577,filler,0
6578,filler,0
6579,filler,0
6580,filler,0
6581,filler,0
6582,filler,0
6583,filler,0
6584,filler,0
6585,filler,0
6586,filler,0
6587,filler,0
6588,filler,0
6589,filler,0
6590,filler,0
6591,filler,0
6592,filler,0
6593,filler,0
6594,filler,0
6595,filler,0
6596,filler,0
6597,filler,0
6598,filler,0
6599,filler,0
6600,filler,0
6601,filler,0
6602,filler,0
6603,filler,0
6604,filler,0
6605,filler,0
6606,filler,0
6607,filler,0
6608,filler,0
6609,filler,0
6610,filler,0
6611,filler,0
6612,filler,0
6613,filler,0
6614,filler,0
6615,filler,0
6616,filler,0
6617,filler,0
6618,filler,0
6619,filler,0
6620,filler,0
6621,filler,0
6622,filler,0
6623,filler,0
6624,filler,0
6625,filler,0
6626,filler,0
6627,filler,0
6628,filler,0
6629,filler,0
6630,filler,0
6631,filler,0
6632,filler,0
6633,filler,0
6634,filler,0
6635,filler,0
6636,filler,0
6637,filler,0
6638,filler,0
6639,filler,0
6640,filler,0
6641,filler,0
6642,filler,0
6643,filler,0
6644,filler,0
6645,filler,0
6646,filler,0
6647,filler,0
6648,filler,0
6649,filler,0
6650,filler,0
6651,filler,0
6652,filler,0
6653,filler,0
6654,filler,0
6655,filler,0
6656,filler,0
6657,filler,0
6658,filler,0
6659,filler,0
6660,filler,0
6661,filler,0
6662,filler,0
6663,filler,0
6664,filler,0
6665,filler,0
6666,filler,0
6667,filler,0
6668,filler,0
6669,filler,0
6670,filler,0
6671,filler,0
6672,filler,0
6673,filler,0
6674,filler,0
6675,filler,0
6676,filler,0
6677,filler,0
6678,filler,0
6679,filler,0
6680,filler,0
6681,filler,0
6682,filler,0
6683,filler,0
6684,filler,0
6685,filler,0
6686,filler,0
6687,filler,0
6688,filler,0
6689,filler,0
6690,filler,0
6691,filler,0
6692,filler,0
6693,filler,0
6694,filler,0
6695,filler,0
6696,filler,0
6697,filler,0
6698,filler,0
6699,filler,0
6700,filler,0
6701,filler,0
6702,filler,0
6703,filler,0
6704,filler,0
6705,filler,0
6706,filler,0
6707,filler,0
6708,filler,0
6709,filler,0
6710,filler,0
6711,filler,0
6712,filler,0
6713,filler,0
6714,filler,0
6715,filler,0
6716,filler,0
6717,filler,0
6718,filler,0
6719,filler,0
6720,filler,0
6721,filler,0
6722,filler,0
6723,filler,0
6724,filler,0
6725,filler,0
6726,filler,0
6727,filler,0
6728,filler,0
6729,filler,0
6730,filler,0
6731,filler,0
6732,filler,0
6733,filler,0
6734,filler,0
6735,filler,0
6736,filler,0
6737,filler,0
6738,filler,0
6739,filler,0
6740,filler,0
6741,filler,0
6742,filler,0
6743,filler,0
6744,filler,0
6745,filler,0
6746,filler,0
6747,filler,0
6748,filler,0
6749,filler,0
6750,filler,0
6751,filler,0
6752,filler,0
6753,filler,0
6754,filler,0
6755,filler,0
6756,filler,0
6757,filler,0
6758,filler,0
6759,filler,0
6760,filler,0
6761,filler,0
6762,filler,0
6763,filler,0
6764,filler,0
6765,filler,0
6766,filler,0
6767,filler,0
6768,filler,0
6769,filler,0
6770,filler,0
6771,filler,0
6772,filler,0
6773,filler,0
6774,filler,0
6775,filler,0
6776,filler,0
6777,filler,0
6778,filler,0
6779,filler,0
6780,filler,0
6781,filler,0
6782,filler,0
6783,filler,0
6784,filler,0
6785,filler,0
6786,filler,0
6787,filler,0
6788,filler,0
6789,filler,0
6790,filler,0
6791,filler,0
6792,filler,0
6793,filler,0
6794,filler,0
6795,filler,0
6796,filler,0
6797,filler,0
6798,filler,0
6799,filler,0
6800,filler,0
6801,filler,0
6802,filler,0
6803,filler,0
6804,filler,0
6805,filler,0
6806,filler,0
6807,filler,0
6808,filler,0
6809,filler,0
6810,filler,0
6811,filler,0
6812,filler,0
6813,filler,0
6814,filler,0
6815,filler,0
6816,filler,0
6817,filler,0
6818,filler,0
6819,filler,0
6820,filler,0
6821,filler,0
6822,filler,0
6823,filler,0
6824,filler,0
6825,filler,0
6826,filler,0
6827,filler,0
6828,filler,0
6829,filler,0
6830,filler,0
6831,filler,0
